geolocation_zip_code_prefix,geolocation_lat,geolocation_lng,geolocation_city,geolocation_state
72482,13.079417651996925,77.23607779520715,Bangalore,KA
77995,13.414937988065418,77.89822204623523,Bangalore,KA
64571,12.962106872631368,78.05145671499378,Bangalore,KA
30788,12.810180508757078,77.40521192366523,Bangalore,KA
66229,13.08322676007932,77.69371581970326,Bangalore,KA
79420,12.753497122719118,77.81935675026591,Bangalore,KA
26794,12.841167540029643,78.06503070549907,Bangalore,KA
18273,12.489309787540721,77.4646085164383,Bangalore,KA
42258,12.68105598888827,77.42080061701746,Bangalore,KA
40597,13.381746123706355,77.99715407476825,Bangalore,KA
72414,13.258406138459828,77.6495957479593,Bangalore,KA
53392,13.169929547005726,77.99645581242392,Bangalore,KA
52183,13.253195123057676,77.66687496036243,Bangalore,KA
40005,13.17970488308098,77.70398711640998,Bangalore,KA
42649,12.960187920094267,77.56435254185912,Bangalore,KA
12542,12.785060048369768,77.97532816353726,Bangalore,KA
60350,13.221792322942283,77.71820699714463,Bangalore,KA
20657,13.00083556037948,77.55728926264793,Bangalore,KA
44866,12.53852544705782,77.48417647813434,Bangalore,KA
35320,13.26288157921095,77.37081036553315,Bangalore,KA
28754,12.835382456873155,77.87235927677021,Bangalore,KA
72094,12.71818561664323,77.72766982072483,Bangalore,KA
52888,12.827768775445497,77.71525252276177,Bangalore,KA
29152,13.25528427062599,78.05126762679842,Bangalore,KA
73530,13.456884569220009,77.69937102460871,Bangalore,KA
36222,13.295736442025964,77.74044157756116,Bangalore,KA
25776,12.767219575183242,77.15516295138221,Bangalore,KA
35551,12.995102191892627,77.59872924798172,Bangalore,KA
42535,13.262309304630824,77.51759132571105,Bangalore,KA
11430,12.769777013255567,77.29884002516314,Bangalore,KA
48810,12.496883694482008,77.74623496616474,Bangalore,KA
65236,12.550309672157702,77.55953948083965,Bangalore,KA
29348,12.918285095324292,77.47661945688772,Bangalore,KA
30575,13.065445065266932,77.85306156711941,Bangalore,KA
24122,13.40850297956431,77.55054323632083,Bangalore,KA
35923,13.177896731580365,77.54793348426792,Bangalore,KA
31351,13.058080335358797,77.41740372050484,Bangalore,KA
12222,12.595514942535933,77.96233769800766,Bangalore,KA
72534,12.840421994526334,77.40986873135421,Bangalore,KA
59155,13.021727119015644,77.72349033879533,Bangalore,KA
52452,12.867137698104965,77.42121046544524,Bangalore,KA
14526,13.115220977423407,77.41861416127098,Bangalore,KA
15161,13.354859613154145,77.15045918368978,Bangalore,KA
27284,12.968276609396025,78.02154873413365,Bangalore,KA
28338,12.623169926010469,77.61738058352606,Bangalore,KA
40803,12.563459405895022,77.45491693199514,Bangalore,KA
56803,12.809758049294045,77.50724178859869,Bangalore,KA
19119,12.964055701534152,77.63971138098054,Bangalore,KA
78770,12.887952917565546,77.88432869661443,Bangalore,KA
30314,13.019697519746765,77.18407372298213,Bangalore,KA
37165,12.92009814593092,77.20984914773378,Bangalore,KA
44177,12.698996154696237,77.15111417854993,Bangalore,KA
13175,12.524083101508786,77.93749318097598,Bangalore,KA
39559,12.950293232256136,77.13677587574573,Bangalore,KA
40495,13.421566022019318,78.04902102007928,Bangalore,KA
28045,12.972183874579214,77.41755025428776,Bangalore,KA
61879,12.490855731331163,77.860136675525,Bangalore,KA
74517,12.495113135832861,77.80934217397812,Bangalore,KA
64386,13.02163108134837,77.13473002067897,Bangalore,KA
14719,12.680436609344975,77.67733918547827,Bangalore,KA
10937,12.820981534023764,77.1752274382888,Bangalore,KA
58249,12.980748634214542,77.92363667661681,Bangalore,KA
62059,12.684378330983638,77.6308299830269,Bangalore,KA
46885,12.73724672258692,77.46890058055281,Bangalore,KA
60910,12.631463321742583,77.29618591683337,Bangalore,KA
43590,12.806085740928147,77.4216580835486,Bangalore,KA
44123,12.86423244062042,77.74506263698773,Bangalore,KA
69198,12.50041747816163,77.69796785739463,Bangalore,KA
77083,13.241616665799103,77.29919006119394,Bangalore,KA
24770,12.513260088207216,77.8992358161176,Bangalore,KA
36946,12.671742635105247,77.66480697545784,Bangalore,KA
49139,13.304529698301478,77.76880633296923,Bangalore,KA
49763,12.832538321529178,77.14896755454414,Bangalore,KA
40121,13.038446593396415,77.9789804288176,Bangalore,KA
43073,12.688406057923283,77.1184125272833,Bangalore,KA
11620,12.688023554938937,77.27551914698748,Bangalore,KA
53769,12.677952699544973,78.04139507404523,Bangalore,KA
60930,13.191569275052538,77.55248433391027,Bangalore,KA
61216,13.073412979235192,77.25985728941573,Bangalore,KA
74445,12.95177557383202,77.69134037460493,Bangalore,KA
42573,12.549274125256913,77.20186158979843,Bangalore,KA
10035,13.324281398624182,77.71387674002966,Bangalore,KA
11469,13.418387113504345,78.02475942722566,Bangalore,KA
49773,12.916660613612986,77.82334822890842,Bangalore,KA
30904,12.568832669990792,77.46264976474724,Bangalore,KA
35006,13.442540198176843,77.83644648600551,Bangalore,KA
58866,12.547699502146086,77.51208703013081,Bangalore,KA
12935,12.769069927150337,77.1295927537033,Bangalore,KA
25738,12.773650114734755,77.35732565466857,Bangalore,KA
36825,12.591925020845283,77.73130978504614,Bangalore,KA
13980,13.35189056736114,78.02664317596931,Bangalore,KA
32882,12.485944037417969,77.18069527144439,Bangalore,KA
40776,12.92684457745099,77.9810400057478,Bangalore,KA
45800,12.741666835154287,77.79747672849916,Bangalore,KA
72878,12.534883843781309,77.78640151934397,Bangalore,KA
38242,12.53675776662185,77.77261926566231,Bangalore,KA
13918,12.508761167691823,77.52708752378264,Bangalore,KA
71040,12.88402425274121,78.06750711859814,Bangalore,KA
15771,13.128210027425068,78.05402888237188,Bangalore,KA
46808,13.181501744735007,77.81347083708623,Bangalore,KA
36568,19.377941016817722,72.40211287540825,Mumbai,MH
45646,19.539189608395038,72.56576981470302,Mumbai,MH
68718,19.3863539273288,73.37353745487171,Mumbai,MH
15783,19.449520885133833,73.21309248151331,Mumbai,MH
67061,19.134944396318097,73.08064693476355,Mumbai,MH
40345,19.291569323662344,73.12022596532773,Mumbai,MH
47554,18.940034794929744,72.97574907714797,Mumbai,MH
69802,19.396714201573097,72.92229074261707,Mumbai,MH
58924,19.234601342900252,72.74897227877229,Mumbai,MH
29096,18.896711238199437,73.01701418468646,Mumbai,MH
63346,18.749962731511978,72.77947919247829,Mumbai,MH
71274,19.55951279159961,73.14501328884103,Mumbai,MH
29350,19.390227481727734,73.12935922857396,Mumbai,MH
74816,19.251710697041965,72.78552577812917,Mumbai,MH
66585,18.662445559577286,72.63090030662994,Mumbai,MH
28040,18.90880407581269,72.7363686897685,Mumbai,MH
71152,19.026768744600588,72.91691179370433,Mumbai,MH
31532,19.465740906974343,72.72115376123752,Mumbai,MH
29012,19.17479254804291,72.91791104151531,Mumbai,MH
30896,19.427097857942698,72.95139259103776,Mumbai,MH
36976,19.40068550423693,72.77405017575133,Mumbai,MH
64916,19.456723015307485,73.36820393329101,Mumbai,MH
15502,19.095568846403175,72.95316459141404,Mumbai,MH
43386,19.51050526558197,73.04233693933405,Mumbai,MH
31587,19.31571126397537,73.06171068977828,Mumbai,MH
53895,19.065179992056798,72.70318729875576,Mumbai,MH
58932,19.12445070791936,72.77266051909865,Mumbai,MH
61485,18.79507142234608,72.72883435797264,Mumbai,MH
63477,19.26380094200049,73.36565057912489,Mumbai,MH
39597,19.216469347267616,72.83135408924,Mumbai,MH
34684,19.292201886539132,73.27088353528973,Mumbai,MH
76127,19.375935207574077,72.87290291495589,Mumbai,MH
19464,19.27093739269756,72.68425592860157,Mumbai,MH
63230,18.87885760630095,72.5869440243212,Mumbai,MH
22659,19.527550571728455,72.5687065712296,Mumbai,MH
12125,18.60709744411546,72.49877553487336,Mumbai,MH
34341,19.40365660268119,73.0581815163563,Mumbai,MH
18784,18.829433901463446,73.32871265697892,Mumbai,MH
65301,19.520874609690267,73.03928505084366,Mumbai,MH
11385,19.273818514686532,72.67791547781803,Mumbai,MH
60822,18.950915936652187,72.6814866087893,Mumbai,MH
72710,19.211219600906993,72.97103618761506,Mumbai,MH
74400,19.553013461526618,72.87769484657967,Mumbai,MH
56071,18.607040320215987,73.07833150281904,Mumbai,MH
60299,19.32891795685155,73.14748739424056,Mumbai,MH
65404,19.26459114190284,72.99793172438619,Mumbai,MH
56013,19.525122309471385,73.06254817065529,Mumbai,MH
13581,18.955967294921514,73.34046826029605,Mumbai,MH
21380,19.050871786327335,72.92143495349325,Mumbai,MH
20874,18.821389519067694,73.20833006189174,Mumbai,MH
22321,19.030686197488393,73.12675222160655,Mumbai,MH
41637,19.179608734786513,72.84697949811773,Mumbai,MH
52319,18.885813578073872,73.15486377157004,Mumbai,MH
69139,18.79255535410134,72.78830709278996,Mumbai,MH
11349,19.259823780181886,72.97112906521795,Mumbai,MH
13700,19.511538183944634,72.82212997179255,Mumbai,MH
75807,18.757233275407405,72.65244114818223,Mumbai,MH
60879,19.37730767766372,72.91336292415338,Mumbai,MH
16385,18.829204305363156,72.49536856683953,Mumbai,MH
77729,19.067099001272908,73.27996174482499,Mumbai,MH
48455,19.429555062135652,72.41751649346864,Mumbai,MH
53439,19.0027316021746,73.06450735792814,Mumbai,MH
20069,18.775123080686825,72.86394745196881,Mumbai,MH
10746,18.963303678510638,73.12223077321353,Mumbai,MH
33151,19.348462668841478,72.4215746757975,Mumbai,MH
33943,18.799422649056243,73.24326558819885,Mumbai,MH
74664,18.80473252417019,72.82236641402557,Mumbai,MH
25216,18.67753772059406,72.51690530775188,Mumbai,MH
13103,19.014097294391288,72.7443756435807,Mumbai,MH
66357,18.596537605199284,72.9028752205021,Mumbai,MH
58272,19.210831998821234,72.48402811053563,Mumbai,MH
72083,18.60953686093466,72.81399112509848,Mumbai,MH
65345,18.642938549765763,72.46494295543712,Mumbai,MH
56876,19.050625515947694,72.88481356788334,Mumbai,MH
41880,19.482616240202397,73.25323297830766,Mumbai,MH
25861,18.6001092753559,72.46407752808945,Mumbai,MH
34483,19.24064094964055,72.82380211744803,Mumbai,MH
58931,19.133368474178067,72.85557974079563,Mumbai,MH
34315,19.158120511034546,72.49354982692947,Mumbai,MH
15210,18.808248292881604,72.52508723114389,Mumbai,MH
27460,19.322642147760643,72.76840975788828,Mumbai,MH
58740,18.635993986116322,73.16578709243063,Mumbai,MH
24778,19.100563123776848,72.64358751811962,Mumbai,MH
79536,18.584857490892293,73.2580846449514,Mumbai,MH
27964,18.895529197519508,72.6213761473163,Mumbai,MH
72965,19.37722529129357,72.5663670117381,Mumbai,MH
72227,19.054275436749567,72.5918224898327,Mumbai,MH
32599,18.96385753811175,73.01109656313531,Mumbai,MH
19295,18.72211239483269,72.50465558263247,Mumbai,MH
76829,18.721402616718304,73.13821802238817,Mumbai,MH
72611,19.089384587987265,73.36506171478473,Mumbai,MH
31591,18.823067821226573,73.13111374735169,Mumbai,MH
57411,19.513608549187644,73.20567564016632,Mumbai,MH
63266,18.635673016908548,72.80957103452467,Mumbai,MH
52006,19.356631999631443,72.40536523653721,Mumbai,MH
58979,18.966776227785857,72.9841365121452,Mumbai,MH
39454,19.324608506526857,72.5050263505054,Mumbai,MH
76787,19.464744141210108,73.02374096019173,Mumbai,MH
30615,18.81734060441687,72.89895849044046,Mumbai,MH
75160,19.349099169694302,72.81044152725802,Mumbai,MH
14051,28.621416437261804,77.16418667290243,Delhi,DL
29079,28.97701807265133,76.64244854814947,Delhi,DL
46357,28.59736734305049,77.06700709290928,Delhi,DL
54758,28.507596888550555,77.13779095355642,Delhi,DL
52872,29.123426791972978,77.45787890306485,Delhi,DL
71592,28.715539960358946,76.9885938530968,Delhi,DL
27991,28.673428100510503,76.69348769494462,Delhi,DL
74182,29.17932665070303,77.13523911414295,Delhi,DL
18248,28.45569293881894,76.87071162502588,Delhi,DL
45553,29.078851517839336,77.1969338181132,Delhi,DL
39863,28.51715163299158,77.50831082049135,Delhi,DL
41380,28.770114924580355,76.95101321557419,Delhi,DL
50153,28.395946540762,76.93749848483259,Delhi,DL
63941,28.482622135793495,77.2002605091322,Delhi,DL
34687,28.972414053215488,77.49305039574872,Delhi,DL
28255,29.006344423105634,77.29083217989665,Delhi,DL
34899,28.891203380903452,76.96398693943488,Delhi,DL
52092,28.40856448622667,77.06519043223373,Delhi,DL
78172,28.37751560957738,77.3270926985349,Delhi,DL
48202,28.842695359377764,76.80823382525244,Delhi,DL
54220,28.387177833706687,77.24997733480915,Delhi,DL
75136,28.579098623472703,76.99413023594278,Delhi,DL
45486,29.13658391574762,77.06157922489501,Delhi,DL
54747,28.350439917590663,77.20848375701942,Delhi,DL
43100,28.328529277826203,76.97906202028032,Delhi,DL
61521,28.20736707263698,76.79142808863514,Delhi,DL
43398,29.131905710547088,77.05726056586767,Delhi,DL
46318,28.715218408795103,77.02299319445484,Delhi,DL
44825,28.25509304006679,77.03020729681934,Delhi,DL
74167,28.799371774441592,77.07886815486232,Delhi,DL
60709,28.517241980167068,76.7422273628496,Delhi,DL
26110,28.565434933043452,77.40379978801452,Delhi,DL
17143,28.245134615391304,76.67277998028216,Delhi,DL
24085,28.752590699643065,76.87091428970861,Delhi,DL
22568,29.129847809879653,77.28922427105356,Delhi,DL
36855,28.244037383616803,77.26279695098525,Delhi,DL
17848,28.213956098230422,76.94010589343934,Delhi,DL
46329,28.488288102407772,76.84318027161426,Delhi,DL
38893,28.82241190141783,77.17311710023677,Delhi,DL
44961,29.131951539497194,76.95605143875457,Delhi,DL
40980,28.355802895931557,77.15621024894804,Delhi,DL
51512,28.96645122397447,76.7743423352071,Delhi,DL
60236,28.407241209048863,77.21879663420798,Delhi,DL
31023,28.29527775090963,77.34295610885421,Delhi,DL
45353,29.013650333665737,76.72706327748064,Delhi,DL
42269,29.049482268774526,76.82347348602136,Delhi,DL
70228,28.81370720602902,77.49438517759401,Delhi,DL
38880,28.48357068294426,76.60566836117783,Delhi,DL
50434,28.639293282214087,77.46339525073556,Delhi,DL
60685,28.65026520563802,76.8346807302562,Delhi,DL
20747,28.61263461408932,77.04663306893802,Delhi,DL
29711,28.94326438883631,76.98697552063008,Delhi,DL
59828,28.227126589611654,77.36755583727154,Delhi,DL
36886,29.085906304106945,77.0940198269237,Delhi,DL
78673,28.54638873492837,76.62321580662604,Delhi,DL
76526,28.81973783427999,77.44071895302974,Delhi,DL
36931,28.57706105283883,77.30595638750015,Delhi,DL
59501,28.372481652147098,77.00650631135055,Delhi,DL
38564,28.518311780974756,77.00760228480505,Delhi,DL
42606,28.91903378498166,77.50095260404719,Delhi,DL
59734,28.80453563602664,77.07221302450192,Delhi,DL
13181,28.890592174381506,77.16580911251957,Delhi,DL
18479,28.656345807000022,77.40260063962549,Delhi,DL
60969,28.775756512805703,76.96202057228216,Delhi,DL
12686,28.69505747199872,77.3266784888903,Delhi,DL
65592,28.29356090517463,76.85742573043876,Delhi,DL
39957,28.473221642161867,77.51409864512905,Delhi,DL
44060,28.682630750856536,76.77104165657713,Delhi,DL
77786,28.803205220518535,77.41264215346958,Delhi,DL
14757,29.183261496322185,76.96707183992848,Delhi,DL
39960,28.294072501301056,77.51834991781976,Delhi,DL
22108,28.819549955279477,77.15532402075877,Delhi,DL
42819,28.283355361298128,77.53451009374221,Delhi,DL
69388,28.353129339053876,76.74413403852657,Delhi,DL
67133,28.482613460390336,77.51846287627534,Delhi,DL
40027,28.613564376506197,76.76912879676006,Delhi,DL
18752,28.4359156352029,76.69477098242153,Delhi,DL
16834,28.77670904948877,77.38560074496466,Delhi,DL
33061,28.49234299237086,77.0727483634801,Delhi,DL
65478,29.099022004401135,76.83874522251772,Delhi,DL
35609,28.80673433838285,76.6795474677338,Delhi,DL
23305,28.473144129679277,77.3856435887421,Delhi,DL
79986,28.328237280725386,77.06503712887644,Delhi,DL
58356,28.927308495817513,76.75521860758705,Delhi,DL
34485,28.449746542213173,76.61124649230747,Delhi,DL
32517,28.970449630596768,77.11574590901513,Delhi,DL
12715,28.705013087312206,77.49733818454185,Delhi,DL
61616,28.339049104242036,76.6508444666048,Delhi,DL
30435,29.05063711417534,76.84442556635804,Delhi,DL
58128,28.777964503079335,76.88177705245022,Delhi,DL
42216,28.65904415741522,77.31270918421356,Delhi,DL
42534,28.366186901367726,77.20851075555767,Delhi,DL
15540,28.27117403051001,76.97992509794165,Delhi,DL
10075,28.491302495789324,77.13139305203288,Delhi,DL
74219,28.881625414185663,76.99751692019639,Delhi,DL
62939,29.092892697526892,77.06912021400113,Delhi,DL
78112,28.55803548597682,77.20801716072465,Delhi,DL
63110,28.955731261791513,77.12597041619473,Delhi,DL
63435,28.370995527416113,77.46042683437264,Delhi,DL
26546,29.0089387247057,76.80939301247462,Delhi,DL
58169,13.424646015495377,79.8862361950725,Chennai,TN
64055,12.965272281181397,80.07021796214002,Chennai,TN
13129,12.897245180553359,79.9694028475874,Chennai,TN
12102,12.798270430722368,80.5457720578317,Chennai,TN
29289,13.032640434584001,80.36112991541717,Chennai,TN
28329,13.231771319354777,80.07267213885457,Chennai,TN
42046,12.725015328243211,80.67120357749367,Chennai,TN
67544,12.835619953217924,80.1699391859468,Chennai,TN
70975,12.954267121761914,79.97539241934493,Chennai,TN
27093,12.9985000272484,79.82204625170652,Chennai,TN
29075,13.479738866877726,80.69344672613505,Chennai,TN
48721,12.95673564194679,80.12125511046268,Chennai,TN
60666,13.46974652826065,80.6428128808959,Chennai,TN
20239,13.180936466154092,80.12547438435774,Chennai,TN
77182,13.134306725730807,79.81122441517992,Chennai,TN
72843,12.65045565708043,80.10215237113148,Chennai,TN
50677,13.504685287269336,79.93664539590968,Chennai,TN
23277,12.728639027848377,80.48180502303832,Chennai,TN
45338,12.642586962359276,80.2802067040525,Chennai,TN
78300,12.953966432286352,80.21905865798155,Chennai,TN
53783,13.381211174417482,80.23099097100292,Chennai,TN
52800,12.86762716973996,79.82161634989697,Chennai,TN
77763,13.168321164167656,80.6542330340147,Chennai,TN
73899,13.016108176628052,80.28467164192912,Chennai,TN
76315,12.64998918104354,80.73882945718564,Chennai,TN
59535,12.912852062033238,80.48497116870777,Chennai,TN
45010,12.726651476679827,80.53280876490918,Chennai,TN
35733,12.675889601725896,80.15458953563393,Chennai,TN
61694,12.802937545981196,79.8147134205141,Chennai,TN
11587,13.53625966041194,79.96519344589096,Chennai,TN
35383,13.000289052017568,80.59662212321734,Chennai,TN
29876,13.009611492251278,80.33888682890496,Chennai,TN
37605,12.583266981665988,79.83692826429748,Chennai,TN
14910,12.848207688576267,80.25336457607607,Chennai,TN
18662,12.801794451280733,80.68583402000962,Chennai,TN
31706,13.507521784143238,80.26418223294495,Chennai,TN
20481,13.252117138841795,80.58238977841292,Chennai,TN
54923,13.199498354148284,80.75015813366858,Chennai,TN
71463,13.53836842672619,80.02878336270633,Chennai,TN
53332,13.214224523086411,80.09723306817047,Chennai,TN
30394,13.250451861229221,80.60605865483109,Chennai,TN
78163,13.265301431600486,80.5768889603276,Chennai,TN
42151,12.808898895386845,79.79292519691195,Chennai,TN
73359,12.854888531817151,80.71064004658487,Chennai,TN
49396,13.081574373531053,80.49497678846801,Chennai,TN
63046,12.633986570370947,80.36239284478086,Chennai,TN
43769,12.689196802151718,79.91867196950774,Chennai,TN
39311,13.427188194461737,79.98965255804619,Chennai,TN
42602,13.047047577878645,79.92395825606326,Chennai,TN
22923,13.280081723986637,80.27654365697946,Chennai,TN
64086,13.325223568867525,80.18999153030047,Chennai,TN
53412,12.881784529885124,80.01319418945943,Chennai,TN
73068,13.531191624954417,80.43358233597816,Chennai,TN
51150,13.508824504873951,79.82760303769427,Chennai,TN
63205,13.39776083482629,79.9247459425317,Chennai,TN
72019,13.561058619143036,80.10448585381504,Chennai,TN
58546,12.70092640380269,80.0063823197493,Chennai,TN
74469,13.510535516320724,80.16704467354732,Chennai,TN
38053,12.988017697153284,80.62015006098682,Chennai,TN
47547,12.825935875744916,80.575229511667,Chennai,TN
54054,12.741892000314461,80.09784289868956,Chennai,TN
59394,13.435898588511932,79.87135983297001,Chennai,TN
20788,13.378894298099206,79.77918986320232,Chennai,TN
66169,13.075348474101585,79.8630150474904,Chennai,TN
29908,13.574537270940526,79.77278726131327,Chennai,TN
33274,12.615384625189627,80.0621230300762,Chennai,TN
58072,13.261439724201425,80.68878356960683,Chennai,TN
56825,13.248758231681565,79.85822018988453,Chennai,TN
31655,13.475579726810512,80.10084173880199,Chennai,TN
15104,13.579015535775302,79.85304579107303,Chennai,TN
15179,13.197063342525164,80.5921297810387,Chennai,TN
35198,13.372242683735001,80.66775613546717,Chennai,TN
74272,12.690238471127529,80.36407015667132,Chennai,TN
78955,12.654383308719115,80.38343696485494,Chennai,TN
28168,12.647642519831185,80.37686773256955,Chennai,TN
44076,12.74009404144484,80.5467751672085,Chennai,TN
77487,12.67882018984866,80.3771835877999,Chennai,TN
47184,12.614733736954582,80.62285643300606,Chennai,TN
31339,13.277608771460208,80.58097078965686,Chennai,TN
57022,13.53440458040294,80.07709875898998,Chennai,TN
62572,13.000669597927972,80.70119709674064,Chennai,TN
50543,13.2489553647653,79.98124728508503,Chennai,TN
70461,12.731420917874834,79.92591907833814,Chennai,TN
20414,12.641448085705065,80.64584162896364,Chennai,TN
29356,12.6903744943725,80.21962019127392,Chennai,TN
29572,13.30546973034026,80.05317526116943,Chennai,TN
53611,13.270425807129968,80.34997030503195,Chennai,TN
73123,13.018034834530061,79.8933185033461,Chennai,TN
49655,13.520136198511056,79.98047187823944,Chennai,TN
72026,13.238881663526865,80.1349093327383,Chennai,TN
61222,12.774188603838427,79.83675535037005,Chennai,TN
14112,13.423821352114288,80.57432738111751,Chennai,TN
61060,12.769262492046646,80.26831692779888,Chennai,TN
62099,13.366424782684012,80.63327440092847,Chennai,TN
68931,12.715603254149714,80.09760818418027,Chennai,TN
65358,13.241104814562116,80.72876511428575,Chennai,TN
34112,12.590138703396725,80.55390668015018,Chennai,TN
42846,12.998501034072165,80.25759420428516,Chennai,TN
53850,12.730867774394346,80.65491912595884,Chennai,TN
41460,13.095484411042348,80.26605764721828,Chennai,TN
46419,17.792306896166917,78.7074843898275,Hyderabad,TS
64771,16.923449084541648,77.99592514223708,Hyderabad,TS
57281,17.5963652180356,78.78690862530826,Hyderabad,TS
58892,17.22217981727971,78.09129725173412,Hyderabad,TS
75677,17.086713228308128,78.13450584225444,Hyderabad,TS
76188,17.158446034870067,78.37739019175757,Hyderabad,TS
79302,17.878631069291295,78.59916378665103,Hyderabad,TS
35776,17.319937661660553,78.93651694021278,Hyderabad,TS
15167,17.339952500493396,78.70580720758866,Hyderabad,TS
48036,17.423792252516673,78.74247357751456,Hyderabad,TS
15834,17.16948567042206,78.00461490172846,Hyderabad,TS
18231,17.359517567675955,78.86493437465165,Hyderabad,TS
70757,17.799105205866457,78.59546045802159,Hyderabad,TS
40270,17.808089514040795,78.82150217002997,Hyderabad,TS
39215,17.334271338170026,78.28698250732656,Hyderabad,TS
15073,17.70173626772667,78.65513222755477,Hyderabad,TS
43310,17.279812578449892,77.99098501912015,Hyderabad,TS
40044,16.925544146461792,78.93870858877231,Hyderabad,TS
68884,17.123979968406115,77.98895041382022,Hyderabad,TS
16260,17.843637446732117,78.78909117744031,Hyderabad,TS
45865,17.42025763611812,78.88619389209259,Hyderabad,TS
64624,16.90134340362066,78.85524592675415,Hyderabad,TS
50134,17.65390086084787,78.6500141938686,Hyderabad,TS
75095,17.873868389876012,78.20011455380686,Hyderabad,TS
47690,17.66467479911351,78.8419338796469,Hyderabad,TS
60990,17.4457547143528,78.31528738435236,Hyderabad,TS
36248,16.899211354293556,78.41620048357008,Hyderabad,TS
53093,17.531842980724548,78.93327855838436,Hyderabad,TS
12711,16.984459939672632,78.9177819785998,Hyderabad,TS
43841,17.054022632073295,78.27901662803747,Hyderabad,TS
43697,17.300575647069973,78.89265454295314,Hyderabad,TS
36750,17.614161792724637,78.34812962498668,Hyderabad,TS
47850,17.194492424114685,78.5290195413616,Hyderabad,TS
18990,16.96122577237199,78.14226862110809,Hyderabad,TS
25917,17.738030286260717,77.99002821871031,Hyderabad,TS
41398,16.95098227306206,78.75703944274802,Hyderabad,TS
45396,17.850143674455364,78.10007075952366,Hyderabad,TS
69151,17.222529838989967,78.4871630741924,Hyderabad,TS
70987,17.395779597774876,78.4679418719232,Hyderabad,TS
46477,17.670497002923998,78.34295906131416,Hyderabad,TS
22062,17.238240163448445,78.37458068150433,Hyderabad,TS
34811,17.43030445445285,78.23697591530468,Hyderabad,TS
12389,17.79591993386954,78.60704197005909,Hyderabad,TS
21327,17.877122978444646,78.14899213137785,Hyderabad,TS
54839,17.045339828745178,78.80191794713683,Hyderabad,TS
35450,17.363690355949952,78.9114138929167,Hyderabad,TS
56056,16.914789107592263,78.84020622526764,Hyderabad,TS
66675,16.988569386953674,78.49911975110666,Hyderabad,TS
62751,17.09735998099687,78.17684368668999,Hyderabad,TS
73363,17.658463380235094,78.73443434324082,Hyderabad,TS
18768,17.861137265511026,78.73135125968122,Hyderabad,TS
74798,17.44245776571959,78.44455318603572,Hyderabad,TS
52233,17.527527381843857,78.18581307767012,Hyderabad,TS
15500,16.921379482246262,78.1747805269161,Hyderabad,TS
56585,16.90212132981168,78.65128024035334,Hyderabad,TS
58829,17.533716824790282,78.40223368232945,Hyderabad,TS
10974,17.85458372976758,78.84870684654327,Hyderabad,TS
21170,17.019079619072546,78.08267735549992,Hyderabad,TS
78224,17.446412287996154,78.10319389261667,Hyderabad,TS
27795,17.358429810213636,78.5402850673626,Hyderabad,TS
54656,17.004753045029542,78.79752930440068,Hyderabad,TS
51558,17.131037574947314,78.52378153830591,Hyderabad,TS
65789,17.178451316944802,78.84535691383611,Hyderabad,TS
17197,17.824048612864356,78.65152366594731,Hyderabad,TS
27946,17.58090677513392,78.80239335147427,Hyderabad,TS
30058,17.165668082385817,78.8364369990649,Hyderabad,TS
19751,17.860129556141516,78.35048523763352,Hyderabad,TS
75311,17.193385131795917,78.28652013558501,Hyderabad,TS
12979,16.911147782662916,78.27185521681125,Hyderabad,TS
34218,17.59680030772892,78.85620488490927,Hyderabad,TS
78806,17.487906410392718,78.83826989172192,Hyderabad,TS
57517,16.998374181800763,78.96133908988386,Hyderabad,TS
53749,17.20331172770566,78.1104269653575,Hyderabad,TS
37827,17.467228197160154,78.06553886420369,Hyderabad,TS
16432,17.161514897581107,78.82816719247575,Hyderabad,TS
20441,17.696577101892338,78.53563650066263,Hyderabad,TS
48955,17.791319413724295,78.64459970977266,Hyderabad,TS
23164,17.780325812724605,78.73900193086556,Hyderabad,TS
15339,17.196892195931365,78.86466426877507,Hyderabad,TS
22185,17.542897512117527,78.255748189678,Hyderabad,TS
16822,17.02189163378438,78.08101496969599,Hyderabad,TS
10525,16.99182869621666,78.46367708787415,Hyderabad,TS
71502,17.69450057775623,78.39268868982467,Hyderabad,TS
24010,17.149282250097446,78.57755385456426,Hyderabad,TS
42450,16.967008878395433,78.15507980736143,Hyderabad,TS
23614,17.51583887705392,78.00354549056229,Hyderabad,TS
38628,17.613748654634964,78.11336142113036,Hyderabad,TS
76805,17.123586537462824,78.39461048858529,Hyderabad,TS
78547,17.76007274205472,78.56339075425461,Hyderabad,TS
34582,17.377652807739107,78.22461170164475,Hyderabad,TS
66324,17.096007517674998,78.65358228687973,Hyderabad,TS
35227,17.71002537613944,78.27940630586347,Hyderabad,TS
27853,17.289520593387795,78.57747012845533,Hyderabad,TS
47704,17.154360238678983,78.60308484788045,Hyderabad,TS
26337,17.59190436229277,78.24169928480639,Hyderabad,TS
75231,16.886452639533697,78.1013107197221,Hyderabad,TS
35056,17.631785635150496,78.6779999609723,Hyderabad,TS
34164,17.699446230536854,78.5669041152118,Hyderabad,TS
42608,17.017448574238035,78.02690619564396,Hyderabad,TS
42767,17.62988014762524,78.7179524845615,Hyderabad,TS
61736,18.15336207014635,73.57483567188791,Pune,MH
24760,18.59497472386075,74.0085529967234,Pune,MH
24519,18.850370707716227,73.37045992159065,Pune,MH
24018,18.36175698680828,73.80377450378228,Pune,MH
29265,18.744714210176195,74.14229748175177,Pune,MH
58333,18.345511612508073,73.76782683995609,Pune,MH
78008,18.700714528011265,73.80011177242339,Pune,MH
36417,18.87815623198637,73.50261548000859,Pune,MH
61014,18.373578189605478,74.22665107431604,Pune,MH
41820,18.510313333124767,74.30584300943835,Pune,MH
67337,18.06933342593395,73.35975739367973,Pune,MH
70762,18.179005099181865,74.13809308757288,Pune,MH
17810,18.76872431568762,73.8809819956621,Pune,MH
36717,18.433804346335055,74.23800659078964,Pune,MH
28441,18.303846172470806,73.53376007827933,Pune,MH
11804,18.493633966422788,74.11933333506579,Pune,MH
18558,18.60688445050738,73.70454297870991,Pune,MH
39401,18.46974307188484,74.04513090432769,Pune,MH
46125,18.85986796861913,74.32020817673352,Pune,MH
45342,18.180858292665707,73.57726565760173,Pune,MH
27496,18.03754577362692,73.59112096743897,Pune,MH
73688,18.40498164944405,74.34319311772373,Pune,MH
76807,18.66228849876803,73.501392168458,Pune,MH
45084,18.741642669007433,73.87872823202916,Pune,MH
22954,18.292212110111134,74.01499381731512,Pune,MH
50660,18.766802929750938,73.37699956179088,Pune,MH
24040,18.261625770851786,73.63951333485319,Pune,MH
42020,18.778136920995106,74.0251469277514,Pune,MH
79457,18.942227481560014,73.98421933557567,Pune,MH
79248,18.023770837487998,74.31532151696958,Pune,MH
52909,18.788893121040147,74.1263865316769,Pune,MH
65014,18.5883510633744,73.35816051854655,Pune,MH
35351,18.20777186572303,74.0893189376886,Pune,MH
65685,18.271567712331017,74.16129319257693,Pune,MH
36144,18.649247043230783,74.02653628155224,Pune,MH
56777,18.116489932172904,73.828554475324,Pune,MH
35725,18.91065706980291,73.68141505586657,Pune,MH
54059,18.37728065343636,74.11562652750885,Pune,MH
79794,18.353829183759917,73.58427768206911,Pune,MH
12153,18.710129296239227,73.45989241557389,Pune,MH
27956,18.251704432531707,74.22325155602006,Pune,MH
36864,18.48748287605911,73.89168071429101,Pune,MH
19516,18.123015160353187,74.34647459204143,Pune,MH
67839,18.73883096715004,73.57743215796071,Pune,MH
38119,18.23887045697925,73.45355618457657,Pune,MH
43614,18.03209782816025,73.94419962157859,Pune,MH
25765,19.011715582993705,73.9997192261087,Pune,MH
68961,18.91350273683879,73.45018295882952,Pune,MH
41025,18.632174035683118,73.45021015691025,Pune,MH
42809,18.811499545347118,73.89359108600034,Pune,MH
41615,18.06457055454859,74.04569669704648,Pune,MH
31893,18.677697020832646,74.05256886263389,Pune,MH
10833,18.946628216603745,73.84624944921335,Pune,MH
38358,18.81612228649116,74.2441682734217,Pune,MH
23119,18.10911018516794,73.93957920973696,Pune,MH
46394,18.02049291192223,74.05307908301472,Pune,MH
56779,18.773727387961415,73.91298686171724,Pune,MH
31534,18.047299373076115,73.45421117960144,Pune,MH
12799,18.68769859467788,73.54924462549141,Pune,MH
30572,18.25461955658104,73.40190416805477,Pune,MH
33513,18.216256055820566,73.56577092241679,Pune,MH
27383,18.315399967968872,73.41797515928195,Pune,MH
68912,18.246025176866695,73.49121503985741,Pune,MH
25450,18.746143844451318,74.08076189295772,Pune,MH
58056,18.647530566213945,74.23686636491637,Pune,MH
49268,18.85514639569789,73.78852252462156,Pune,MH
18292,18.854019668343337,73.51576887109377,Pune,MH
59556,18.028022794593685,73.73123564282604,Pune,MH
79865,18.19549574207991,74.19960771106557,Pune,MH
65096,18.128924419999326,74.12111756008218,Pune,MH
37759,18.09361302707299,73.77175283943147,Pune,MH
66966,18.249657126895244,74.16929954844557,Pune,MH
44883,18.734097012664837,74.07042230764476,Pune,MH
79581,18.970366876960647,74.28875234104159,Pune,MH
53260,18.90678820091676,73.51409715716821,Pune,MH
79841,18.680916623908978,73.57228758581891,Pune,MH
68859,18.445286317343523,73.96764875512042,Pune,MH
68336,18.299575388185158,73.61692866820009,Pune,MH
38068,18.9466131134675,74.1550021123097,Pune,MH
12625,18.21666964931053,73.65223421866541,Pune,MH
70931,18.947647569643145,74.23142474263163,Pune,MH
25118,18.81700179983465,73.48347894458794,Pune,MH
17050,18.250137823732224,74.05696957641202,Pune,MH
24832,18.580464848358343,73.75130705153147,Pune,MH
27723,18.073231698342816,73.53649259445538,Pune,MH
40382,18.81934289468547,73.59718291078211,Pune,MH
16652,18.528815981071464,73.96360139639133,Pune,MH
19721,18.26189473413082,73.90897730485476,Pune,MH
54448,18.545475871777285,73.45023652789935,Pune,MH
44228,18.35247586071571,73.49287995253287,Pune,MH
33371,18.064418562344613,73.84720835408453,Pune,MH
36909,18.160112429068015,74.14672813414118,Pune,MH
21715,18.53835506587492,73.98154004678092,Pune,MH
19363,18.44252240935057,73.99055447522049,Pune,MH
20506,18.758141110921944,73.67854241310432,Pune,MH
31578,18.70173893814915,74.34945188779254,Pune,MH
54260,18.050360118480818,74.12217944554337,Pune,MH
13581,18.795704255372897,74.04758353979743,Pune,MH
13977,18.104033797783377,73.52162393432229,Pune,MH
20625,18.10303260638681,73.54712201698408,Pune,MH
22879,22.511579057845843,88.75819430320138,Kolkata,WB
58698,22.129847577514244,88.49474602913612,Kolkata,WB
13387,22.79182540776264,88.85230290571255,Kolkata,WB
51005,22.451645059324644,87.97905755798436,Kolkata,WB
76062,22.71820703404145,88.61642933272822,Kolkata,WB
44184,22.231874452068215,88.40967523330424,Kolkata,WB
29391,22.67294829130876,88.44028501033198,Kolkata,WB
72492,22.359783802508858,88.38612216062437,Kolkata,WB
20040,22.223177248452046,88.68825702356122,Kolkata,WB
47876,22.574015421230012,88.65220985756561,Kolkata,WB
51171,22.452045258296092,87.9042831638928,Kolkata,WB
66975,22.53991277574786,87.90804641558536,Kolkata,WB
16403,22.075395589432397,88.12518529672171,Kolkata,WB
42192,22.450495737777295,88.50056791723289,Kolkata,WB
21624,22.434066740994897,88.37979070465475,Kolkata,WB
79472,22.22255860610294,88.24162117229552,Kolkata,WB
26114,22.308401774360036,88.01317305875496,Kolkata,WB
45312,22.584282571678198,88.85456753925115,Kolkata,WB
58439,22.733923905356214,88.2301106417874,Kolkata,WB
32313,22.857739907723854,88.2392255287528,Kolkata,WB
15488,22.625143325083616,87.90327599528594,Kolkata,WB
71573,22.125636722591015,88.07181651487642,Kolkata,WB
63763,22.674702517008974,88.47810880674021,Kolkata,WB
70296,22.690691101609747,88.6504232229139,Kolkata,WB
12227,22.844966476240742,88.6425138030607,Kolkata,WB
78920,22.25736642761951,87.92841451823645,Kolkata,WB
45102,22.87459372058352,88.79203859971173,Kolkata,WB
61337,22.325415118692057,88.39247580128509,Kolkata,WB
79375,22.811106212867585,88.12550782296641,Kolkata,WB
43903,23.034752047879593,88.50767742392901,Kolkata,WB
72081,22.57104722360711,88.79479978582424,Kolkata,WB
77589,22.26645620488292,88.58208139973173,Kolkata,WB
34600,22.6009213008027,87.9280659229972,Kolkata,WB
45101,22.314827190396645,88.53689979228922,Kolkata,WB
28546,22.76924454013171,88.4829746849619,Kolkata,WB
48686,22.798589611229833,88.38562347583935,Kolkata,WB
50304,22.480241211879157,88.02249286502533,Kolkata,WB
41813,22.952046114747226,88.62037945491218,Kolkata,WB
27106,22.440856514685226,88.58912854689538,Kolkata,WB
79248,22.503489041825194,87.96799289084066,Kolkata,WB
43010,22.154768277069667,88.73734419241532,Kolkata,WB
61142,22.364225320505,88.8461083907696,Kolkata,WB
61102,22.229272010978136,88.81004171795766,Kolkata,WB
58977,22.83025800692597,88.73017345437904,Kolkata,WB
15546,22.259189087570306,88.65255901551454,Kolkata,WB
58371,22.41253071722589,88.54708339576538,Kolkata,WB
48513,22.26427205660953,88.72936803199822,Kolkata,WB
13049,22.7412643740878,88.33373205063099,Kolkata,WB
50334,22.48379162583421,88.14368764372382,Kolkata,WB
48089,22.58558014503501,88.82387170220854,Kolkata,WB
79514,22.57781633711662,88.78195143671104,Kolkata,WB
39604,22.8033800733221,88.23227179393652,Kolkata,WB
75663,22.59134690635841,88.69431563616916,Kolkata,WB
46101,22.40415122939866,88.83637611831318,Kolkata,WB
71037,22.68269523892219,88.56109057576008,Kolkata,WB
54555,22.110140981841806,88.55072745575221,Kolkata,WB
17539,23.06572602619056,88.15527624978138,Kolkata,WB
36822,22.9890859072576,88.07283717534641,Kolkata,WB
56538,22.266928917775495,88.39011253026811,Kolkata,WB
51297,22.956080248666392,87.98608042012096,Kolkata,WB
39082,22.87930499161941,88.66984798998665,Kolkata,WB
21804,22.16717488887985,88.46375518794316,Kolkata,WB
78971,22.539050018594054,88.74249653523097,Kolkata,WB
26223,22.61697791592129,88.4703564956396,Kolkata,WB
36033,22.313696322188658,87.95531868822927,Kolkata,WB
35950,22.565181056183444,87.99860696214583,Kolkata,WB
52338,23.07204357742159,87.90311114565718,Kolkata,WB
63300,22.92741353130011,88.58726081472666,Kolkata,WB
20992,22.990730395934303,88.47577516720112,Kolkata,WB
76176,22.56926639982461,88.82560097833455,Kolkata,WB
61031,22.16790779318298,88.82463993668469,Kolkata,WB
63372,22.85151334557943,88.58418607028734,Kolkata,WB
78743,22.964423895338044,87.87457194276683,Kolkata,WB
34225,22.281303553828216,87.89046926212656,Kolkata,WB
13853,22.65869028240104,88.19848848132665,Kolkata,WB
64397,22.184614625592086,87.99180701417325,Kolkata,WB
78664,22.99692647953272,88.10828583618698,Kolkata,WB
59452,22.40645195934976,88.5007334345731,Kolkata,WB
75188,22.336487150058606,88.1475491824913,Kolkata,WB
25689,23.032968571615054,88.77183684434526,Kolkata,WB
10402,22.954881270780103,88.54402075285391,Kolkata,WB
61348,22.44050484644281,88.65598253581668,Kolkata,WB
27553,22.958483942678164,87.94015194125792,Kolkata,WB
19294,22.881113612472816,88.734741596469,Kolkata,WB
47596,22.181456138134223,88.15614348981562,Kolkata,WB
40323,22.46960213469482,88.34124688477927,Kolkata,WB
13457,22.65915708386968,88.62042118769983,Kolkata,WB
63382,22.26730592715294,88.67884641842659,Kolkata,WB
30667,23.014200138065114,88.47046833352123,Kolkata,WB
76303,22.22048232053445,88.10404238604376,Kolkata,WB
46047,22.407791267264596,88.28216897916752,Kolkata,WB
22088,22.32774732996954,87.90038286830945,Kolkata,WB
48528,22.20265245119095,88.40000503231919,Kolkata,WB
15616,22.90218307390538,88.49437795758585,Kolkata,WB
54235,22.31024865467232,88.7994923339389,Kolkata,WB
66186,22.507971249662997,88.6546319124323,Kolkata,WB
16076,22.591939253706386,87.95988533150935,Kolkata,WB
26880,22.499115987368725,88.71043697176255,Kolkata,WB
15525,23.01644795571073,88.73872909105911,Kolkata,WB
17259,22.592856563163828,88.06708220824989,Kolkata,WB
61195,26.81023031407401,75.89472740398928,Jaipur,RJ
13574,26.798684121528208,75.97220809541665,Jaipur,RJ
19526,26.732778213676134,76.03246129652302,Jaipur,RJ
23100,27.365186692794474,76.05489463711532,Jaipur,RJ
43295,27.30989362573425,75.6430953391377,Jaipur,RJ
66333,26.921475817095427,75.47070389755548,Jaipur,RJ
24257,26.89778612295969,76.13473171546809,Jaipur,RJ
65636,27.175451983426296,75.93145093438639,Jaipur,RJ
28690,27.033578665838085,76.27121987774143,Jaipur,RJ
44574,26.702800823575732,76.25042905878084,Jaipur,RJ
25181,26.654500114405202,76.183660498328,Jaipur,RJ
10649,27.206211369894522,76.27244689838462,Jaipur,RJ
35437,26.755009281081264,75.52472567358082,Jaipur,RJ
79285,26.54889527287079,75.33342057813972,Jaipur,RJ
40637,27.05753557683157,75.90180854483141,Jaipur,RJ
26270,26.465800338459573,75.95432574767592,Jaipur,RJ
69183,27.103507777461168,75.30535417690935,Jaipur,RJ
16224,26.919799472357653,76.28049050136553,Jaipur,RJ
18498,27.2156865247827,75.57306441536909,Jaipur,RJ
33826,27.34736159475873,76.00195276923301,Jaipur,RJ
69389,27.40429409803781,75.87019910709355,Jaipur,RJ
31705,26.815255066628897,75.8851503652376,Jaipur,RJ
65146,27.179028493551048,75.86001525865845,Jaipur,RJ
59265,27.28197999155312,75.94407120012352,Jaipur,RJ
69795,26.50205468324089,75.80951241813561,Jaipur,RJ
29029,26.9476646021808,75.65348049129307,Jaipur,RJ
60344,27.04917700573158,75.856061201562,Jaipur,RJ
29258,26.74275380814478,75.3902439813972,Jaipur,RJ
12788,27.184699502048183,76.17463840964432,Jaipur,RJ
35487,27.365688481944233,76.17783967736942,Jaipur,RJ
24202,26.597354597347874,76.06763497040777,Jaipur,RJ
39232,26.706831654963853,75.42859222017726,Jaipur,RJ
66344,26.81661217355069,75.84714876275531,Jaipur,RJ
17179,26.820219104360177,75.98697758672655,Jaipur,RJ
71994,26.567400816270663,75.92753947058407,Jaipur,RJ
69923,27.17619161639291,76.25964255739754,Jaipur,RJ
14000,27.05433595530085,75.4612146243727,Jaipur,RJ
38299,26.72190175644204,76.23033151216129,Jaipur,RJ
39898,26.932393779113376,75.50769734814897,Jaipur,RJ
57422,27.062589587801412,76.18582189980496,Jaipur,RJ
78184,26.55092306200012,76.18436576288606,Jaipur,RJ
12293,27.248371249779858,76.26823667093443,Jaipur,RJ
10402,27.30965079644235,76.2473205377301,Jaipur,RJ
25440,27.39399805046362,76.18954850695687,Jaipur,RJ
66904,26.753739729949388,75.83655219569046,Jaipur,RJ
29299,26.818630930913333,76.05040526846888,Jaipur,RJ
29216,26.84654557472556,75.55333854517265,Jaipur,RJ
60126,26.985313276987494,75.63201742366944,Jaipur,RJ
19542,27.33586142105173,75.50393210552136,Jaipur,RJ
73167,27.221142138936774,75.3855527782918,Jaipur,RJ
29099,27.17889100475227,76.09453246580739,Jaipur,RJ
51116,26.98390701684395,76.26777411385049,Jaipur,RJ
25753,26.664330541122766,75.47934090369655,Jaipur,RJ
45002,26.8110704911401,75.43625203888864,Jaipur,RJ
50729,27.26216353875571,75.55920145571561,Jaipur,RJ
15316,27.26703692269813,76.11982996175902,Jaipur,RJ
31527,26.89081732764492,75.5110346842958,Jaipur,RJ
10853,27.0801163381294,75.80119860685355,Jaipur,RJ
61206,27.319739020708457,75.67658628759537,Jaipur,RJ
17228,26.529183945513594,76.2669505478267,Jaipur,RJ
60749,26.916299329916082,75.36235673975658,Jaipur,RJ
35340,27.22671375154771,75.62214098183782,Jaipur,RJ
13340,26.460316151175974,75.3535224320709,Jaipur,RJ
79181,26.468386252517014,75.935585197312,Jaipur,RJ
20499,26.705434580572412,75.89383368438156,Jaipur,RJ
52125,26.466723535063394,75.69509104660195,Jaipur,RJ
33224,27.275298496013413,75.80910771675632,Jaipur,RJ
68106,27.054473217117305,75.91427767573333,Jaipur,RJ
16592,27.142376381125757,75.50781077065992,Jaipur,RJ
46673,26.682521507471936,76.18301847390583,Jaipur,RJ
67756,26.85509494413462,75.56880095336689,Jaipur,RJ
31274,26.470581998985377,76.23023093270827,Jaipur,RJ
28314,27.138421210873272,76.05026635615093,Jaipur,RJ
63955,27.08379342524133,75.8836120098203,Jaipur,RJ
55160,26.431862485279623,76.08596699942998,Jaipur,RJ
74499,27.137388167177065,76.11330602860853,Jaipur,RJ
60393,27.335490055940266,76.2692824558569,Jaipur,RJ
18754,27.181513136662097,75.55084587095034,Jaipur,RJ
62072,27.348974477881058,75.9619324191506,Jaipur,RJ
44445,26.479558095317312,75.4825685281518,Jaipur,RJ
36563,26.8662664388069,75.37648684674235,Jaipur,RJ
27388,27.366593248833617,75.60150015065283,Jaipur,RJ
32445,26.61501857170419,76.20311938386719,Jaipur,RJ
62600,26.521113287615723,75.83198541538094,Jaipur,RJ
20374,26.87665503500284,75.49221704232653,Jaipur,RJ
31531,27.090432697004502,75.36589458478485,Jaipur,RJ
31414,26.41286444222204,75.3999200275039,Jaipur,RJ
65299,26.650372980925198,75.80059442843455,Jaipur,RJ
51648,26.544756274632572,75.78304808438206,Jaipur,RJ
55215,26.788381108257653,75.47768719846498,Jaipur,RJ
68653,26.486736036230628,75.95517613589458,Jaipur,RJ
48892,26.71949824908226,75.87985502409626,Jaipur,RJ
32111,27.276957978352954,75.61032266394932,Jaipur,RJ
28461,27.27652282582811,75.5813165065994,Jaipur,RJ
15636,27.38547856989996,75.38181624327272,Jaipur,RJ
46096,26.697160624132522,75.34020012237808,Jaipur,RJ
69210,26.617290315845974,75.53742593591214,Jaipur,RJ
23318,26.810759577882276,75.82148181917282,Jaipur,RJ
28582,27.317442793327608,76.02821645919485,Jaipur,RJ
75491,27.07967635646903,75.45761819310167,Jaipur,RJ
34464,26.421878563699224,81.28015785958675,Lucknow,UP
22093,27.224881483533792,81.3404662315118,Lucknow,UP
33906,26.449037961109468,80.63958539437279,Lucknow,UP
78082,27.277285540634978,80.86606772545889,Lucknow,UP
54582,27.081247971410654,80.93750584883985,Lucknow,UP
67400,26.580564514215872,80.8722205020501,Lucknow,UP
40360,27.221433252991318,80.98555989918582,Lucknow,UP
25071,27.19477607170418,80.62341660840148,Lucknow,UP
51738,26.755125167420186,80.78467127280317,Lucknow,UP
68935,27.30646738437105,80.46911868249198,Lucknow,UP
66189,26.749481394725628,81.37330541929653,Lucknow,UP
25596,26.8002737222308,81.1463115460775,Lucknow,UP
62777,27.207604037491933,80.94266440324151,Lucknow,UP
63095,26.864977375250202,81.25380566254366,Lucknow,UP
12026,26.71178630785745,80.44845146395056,Lucknow,UP
28825,26.43105250564598,81.2868806600909,Lucknow,UP
33651,26.57060821299832,80.79550381423154,Lucknow,UP
30868,26.432889128400017,80.83955676788351,Lucknow,UP
57977,26.361532152257013,80.78125101903584,Lucknow,UP
68626,27.28375876249746,81.13294749333343,Lucknow,UP
63075,26.916131797790083,81.17868964602398,Lucknow,UP
78529,26.99800168773301,81.38326710766417,Lucknow,UP
19535,27.328402041407063,80.58494408846641,Lucknow,UP
62157,27.31561653878037,81.20116301497647,Lucknow,UP
15168,26.904226414026564,80.98045950387547,Lucknow,UP
45195,26.581919183787413,81.06963699938775,Lucknow,UP
47854,27.13004933181648,81.31427765078669,Lucknow,UP
30753,26.4735740809871,81.36478600853226,Lucknow,UP
53369,27.145085098829203,81.39759998648441,Lucknow,UP
40120,27.00901357933405,80.98848232378626,Lucknow,UP
42869,26.854061233003925,80.73806761117258,Lucknow,UP
27037,26.64483726903864,81.05179763265939,Lucknow,UP
77135,26.900240867786973,80.51221726746016,Lucknow,UP
21011,26.630265933605873,80.8980636586224,Lucknow,UP
76523,26.804585451334937,81.25645939249378,Lucknow,UP
14692,27.041980363074188,80.88760555777897,Lucknow,UP
56784,27.270349364553706,80.68148092276452,Lucknow,UP
62645,26.794279170692683,80.92380143277042,Lucknow,UP
34479,26.372917892273545,81.06178287182456,Lucknow,UP
46031,26.72714829502886,80.52419185785297,Lucknow,UP
18320,27.06610872540935,81.10989219849526,Lucknow,UP
70477,26.84159825673723,80.9783973077392,Lucknow,UP
60393,26.888676780816294,81.30322376532288,Lucknow,UP
67208,26.852505496105746,81.16473974346452,Lucknow,UP
30173,27.18374500521785,80.5756875168809,Lucknow,UP
77648,26.923504274291943,80.94010716101373,Lucknow,UP
15004,27.137228011644673,80.97834066712748,Lucknow,UP
78732,26.347354625882158,81.08974945858,Lucknow,UP
41127,26.715380917113066,81.14170162754452,Lucknow,UP
13918,27.010270112695668,81.31398752029209,Lucknow,UP
61138,26.727639191041057,81.06573915902881,Lucknow,UP
69852,26.91589348268446,80.47683414002219,Lucknow,UP
26361,26.514619660207607,81.34596675467023,Lucknow,UP
33056,27.125079080790822,80.78883148793938,Lucknow,UP
59090,26.61502243987326,80.62875604009503,Lucknow,UP
78627,26.739873362766843,81.03979491910091,Lucknow,UP
35704,26.48705415912434,81.27266842163226,Lucknow,UP
48556,26.53238888782189,80.69282479485534,Lucknow,UP
27445,27.030225588607063,81.18556052304547,Lucknow,UP
45291,27.13623509324331,81.2765083692966,Lucknow,UP
39123,27.212992133484818,80.64076781108814,Lucknow,UP
23513,26.686886069942272,80.61062153052039,Lucknow,UP
20434,27.031169257895122,81.36219712765129,Lucknow,UP
34458,26.87974025353117,80.78408794072287,Lucknow,UP
73347,26.52459857770468,81.39122438860649,Lucknow,UP
60997,26.51437933196297,81.02164367888464,Lucknow,UP
62907,27.292764737358123,80.66785212682139,Lucknow,UP
39133,26.69002504518137,81.05413757276001,Lucknow,UP
58503,26.44892072320844,81.30665020067266,Lucknow,UP
76123,26.452910623383026,81.15681528765575,Lucknow,UP
58395,26.712504217946968,81.39782835453317,Lucknow,UP
74177,26.865634989443787,81.40245897784739,Lucknow,UP
52516,26.3623324104211,80.76664141557804,Lucknow,UP
73932,27.11970324052649,80.73350475027011,Lucknow,UP
44302,26.57090670842828,80.64035953983829,Lucknow,UP
25725,27.224450066484707,81.34006713141434,Lucknow,UP
19766,27.273018621876812,80.55939689388485,Lucknow,UP
73074,26.945701046152777,80.61101488978036,Lucknow,UP
36102,26.86824259259272,81.15088611518752,Lucknow,UP
40935,26.615833782337987,80.48389054327913,Lucknow,UP
57739,26.556885866017122,80.7537804791466,Lucknow,UP
52630,26.640349989766452,80.55372263163602,Lucknow,UP
52960,26.548997189140483,80.66279587121706,Lucknow,UP
32742,26.712810120858098,81.332298885644,Lucknow,UP
64982,26.82255563158871,81.29207541185784,Lucknow,UP
78750,26.444077890632663,81.24500373497494,Lucknow,UP
68632,27.198259328416885,80.49199216998858,Lucknow,UP
44832,27.29943060237322,80.59588649817353,Lucknow,UP
24300,26.63017880356302,81.21595937778096,Lucknow,UP
21421,26.381892189934355,80.80005950786862,Lucknow,UP
69851,26.729632391879846,80.97541211680752,Lucknow,UP
25992,27.042778871128967,80.969920998115,Lucknow,UP
17882,26.951771766171618,81.281112152079,Lucknow,UP
72654,26.35342652774812,80.80718659135235,Lucknow,UP
40803,27.191402188031788,80.97298309051547,Lucknow,UP
55654,26.748893607112684,81.33638525285163,Lucknow,UP
53370,26.904106587966513,81.35909285428369,Lucknow,UP
66118,26.76278310534335,81.40174606113177,Lucknow,UP
76380,26.762212672009284,81.20048999550477,Lucknow,UP
67960,26.62623808232136,81.30879268349103,Lucknow,UP
28116,23.015211862222117,72.40929052449322,Ahmedabad,GJ
54208,23.505653929865375,72.9645709652343,Ahmedabad,GJ
46649,23.06384946042428,72.41093620294397,Ahmedabad,GJ
65307,23.487035402981267,72.86800244931872,Ahmedabad,GJ
51592,23.310107786898882,72.91297634238636,Ahmedabad,GJ
47753,22.70027511106455,72.20029684218572,Ahmedabad,GJ
25552,23.490134395383134,72.88381788486525,Ahmedabad,GJ
66112,23.507886090966277,72.09679574456308,Ahmedabad,GJ
10820,23.40498999446185,72.11427493345099,Ahmedabad,GJ
50218,22.895003598326184,72.30097338829584,Ahmedabad,GJ
40420,22.595248168993454,72.30782125078386,Ahmedabad,GJ
25169,23.321812102243147,72.9398850954814,Ahmedabad,GJ
19075,22.730843923133385,72.39537659376211,Ahmedabad,GJ
72983,22.556289303316078,72.27549127051694,Ahmedabad,GJ
65795,23.078046050803028,72.25354903534945,Ahmedabad,GJ
23155,22.806409479552972,72.35576297067345,Ahmedabad,GJ
78132,23.04729189348898,72.4544675586002,Ahmedabad,GJ
74307,22.666572379913813,73.03449527643279,Ahmedabad,GJ
39109,22.94557233399901,72.9702687667051,Ahmedabad,GJ
67811,23.241860783319606,72.36406819091995,Ahmedabad,GJ
64169,22.672204685411604,72.07776538214785,Ahmedabad,GJ
58010,23.36846325095977,73.05618997304103,Ahmedabad,GJ
31981,23.44174110329773,72.35931326440237,Ahmedabad,GJ
19121,23.04832766278415,72.87678476119613,Ahmedabad,GJ
32658,23.23006579595331,72.87912915345696,Ahmedabad,GJ
23875,23.259546175701363,72.26182371836556,Ahmedabad,GJ
18246,22.64879541903869,72.67797923775325,Ahmedabad,GJ
10928,23.14941196281366,72.69546785855147,Ahmedabad,GJ
17731,22.89965633018536,72.07951485115798,Ahmedabad,GJ
21776,23.042090595697974,72.48676800013773,Ahmedabad,GJ
74164,22.682650797694603,72.78894458213408,Ahmedabad,GJ
70710,22.86750709939171,72.60391311305955,Ahmedabad,GJ
71821,22.926525357355786,72.77756669272699,Ahmedabad,GJ
69772,22.699441162250363,72.25206520169266,Ahmedabad,GJ
55886,23.00257957983212,72.39224886178627,Ahmedabad,GJ
57603,23.08454130223196,72.3370303158688,Ahmedabad,GJ
27782,22.901409603914285,72.93413773440136,Ahmedabad,GJ
14285,22.847934238779885,72.69001151524063,Ahmedabad,GJ
76968,23.33916800212501,72.9262791681959,Ahmedabad,GJ
69450,22.904912783053902,72.72907786319405,Ahmedabad,GJ
41600,23.252056255804376,72.463895565512,Ahmedabad,GJ
33809,23.240789088007336,73.03175058141447,Ahmedabad,GJ
71442,22.69804899352284,72.52856673647972,Ahmedabad,GJ
38189,22.72082118930592,72.85861165446336,Ahmedabad,GJ
38478,23.4482949781752,72.72679608584757,Ahmedabad,GJ
34398,23.479191003127852,72.99748713380446,Ahmedabad,GJ
52706,22.704289257917882,72.22659164932257,Ahmedabad,GJ
38062,23.26349457570866,72.95295871012205,Ahmedabad,GJ
23213,23.25530512859747,72.87080296208079,Ahmedabad,GJ
19877,23.162857511514414,72.3076720635022,Ahmedabad,GJ
28857,22.758954724495908,72.23796382624136,Ahmedabad,GJ
57669,23.22497025016063,72.3159211767357,Ahmedabad,GJ
36632,22.84270370331365,73.0110961279814,Ahmedabad,GJ
44967,22.94037539513526,72.56050322580327,Ahmedabad,GJ
70689,23.259614934203476,72.953906344416,Ahmedabad,GJ
38687,22.684061688842192,72.464481801309,Ahmedabad,GJ
42392,23.464398346093002,72.64244371735919,Ahmedabad,GJ
44214,23.387933173283162,72.64900892667445,Ahmedabad,GJ
75289,23.133712840046666,72.796429774878,Ahmedabad,GJ
33653,23.415771904042565,72.6750074222987,Ahmedabad,GJ
67513,22.525188081464133,72.64244320954032,Ahmedabad,GJ
67690,22.592382476047348,72.12683752261333,Ahmedabad,GJ
42307,23.18922052369321,72.66729578560376,Ahmedabad,GJ
79074,23.433163481784618,72.79016461887741,Ahmedabad,GJ
38080,23.012827497630706,72.96678272334263,Ahmedabad,GJ
52844,22.66077536686941,73.02263596905404,Ahmedabad,GJ
78019,22.76552719630799,72.2206395775622,Ahmedabad,GJ
22917,22.657216293165337,72.43570727241286,Ahmedabad,GJ
17115,23.07047947547168,72.24466632915181,Ahmedabad,GJ
15828,22.787811567194737,72.6256100182842,Ahmedabad,GJ
71027,23.04112399655179,72.57731539489941,Ahmedabad,GJ
67458,22.871812921491244,72.28198573345333,Ahmedabad,GJ
58784,23.18984790440153,72.42876426848662,Ahmedabad,GJ
41037,23.159927132837396,72.46574576723205,Ahmedabad,GJ
17979,23.32119205383848,72.99394742049132,Ahmedabad,GJ
15300,22.724495194087453,72.34953018842033,Ahmedabad,GJ
49597,22.758787339944725,72.45925111639951,Ahmedabad,GJ
20749,23.337172727679206,72.92658562640435,Ahmedabad,GJ
52039,22.631980838926246,72.13780843560463,Ahmedabad,GJ
31365,23.476594195440796,72.94340661545961,Ahmedabad,GJ
22264,22.54534058018733,72.2206153752067,Ahmedabad,GJ
31951,23.30172051345454,72.8011668452697,Ahmedabad,GJ
55645,23.18650836426042,72.16387505890422,Ahmedabad,GJ
36062,23.000468739548207,72.725154702716,Ahmedabad,GJ
77027,22.715351275627977,72.68348017783798,Ahmedabad,GJ
35733,23.434154442585353,72.64794917549777,Ahmedabad,GJ
71616,22.60514781691445,72.75817352811012,Ahmedabad,GJ
75518,22.61542922622485,73.03881460349537,Ahmedabad,GJ
29029,22.92031950450254,72.70469068683782,Ahmedabad,GJ
29895,22.63805959438716,72.22880455029964,Ahmedabad,GJ
70338,22.932611512739605,72.82405985474126,Ahmedabad,GJ
28302,22.57600346204017,72.6772373136176,Ahmedabad,GJ
21696,22.638433895950836,72.45398205654246,Ahmedabad,GJ
23697,22.652002482066194,72.25210697815605,Ahmedabad,GJ
25854,23.14000796229892,72.10331735928126,Ahmedabad,GJ
27824,23.245499359242164,72.73311767370835,Ahmedabad,GJ
79357,23.28245198963312,73.0038024114659,Ahmedabad,GJ
35945,23.44798298554848,72.81817309192479,Ahmedabad,GJ
38061,22.559523024958462,72.64328384378287,Ahmedabad,GJ
66550,22.90278360409523,72.2798019075047,Ahmedabad,GJ
11757,11.177137218484564,76.91114325130751,Coimbatore,TN
49513,11.293448756273037,76.5594295678439,Coimbatore,TN
46968,10.69293716498359,76.54590046187379,Coimbatore,TN
12976,11.306636999463935,77.13884171707319,Coimbatore,TN
78788,10.65741121584422,76.79295562417987,Coimbatore,TN
11145,11.09322955083343,76.78243927213835,Coimbatore,TN
27646,10.6669280784333,76.74251296220702,Coimbatore,TN
26883,10.53391489886039,77.2790381909445,Coimbatore,TN
35382,11.217425694147297,76.82252719563967,Coimbatore,TN
55871,11.238374205014821,77.29544606218766,Coimbatore,TN
18653,11.327264611218215,77.19178324995605,Coimbatore,TN
10162,11.322162157007313,76.67041816665287,Coimbatore,TN
55251,10.645003330779216,77.15036058430267,Coimbatore,TN
75084,11.340293644722465,77.2321629860965,Coimbatore,TN
39997,11.4856855070899,76.57445033315031,Coimbatore,TN
46105,10.707556435870098,77.39096885011655,Coimbatore,TN
52813,11.056439326681872,76.84316874838878,Coimbatore,TN
27083,10.728812610184715,76.4828421524298,Coimbatore,TN
19823,11.404902298547666,77.23432106210716,Coimbatore,TN
13361,10.65764582768455,76.93765245640714,Coimbatore,TN
17053,10.939259789537735,76.81762257990727,Coimbatore,TN
31227,10.996110499361208,77.013328402618,Coimbatore,TN
46428,10.577108964299796,77.05486680598426,Coimbatore,TN
18063,10.95991457662911,77.17734749903077,Coimbatore,TN
21190,10.948021890644721,77.31776428977558,Coimbatore,TN
12933,10.92914114191086,76.58578760585846,Coimbatore,TN
46883,11.047847200039731,77.40095243844031,Coimbatore,TN
24029,10.859190323575103,76.7168618543097,Coimbatore,TN
30787,11.344567639447654,77.14024869392912,Coimbatore,TN
10993,10.73863690742553,77.166131722099,Coimbatore,TN
47415,10.549182981849443,76.51444778999011,Coimbatore,TN
12209,11.132937201809785,77.36378050839525,Coimbatore,TN
63154,11.473389069190524,77.02022828412508,Coimbatore,TN
69175,10.885366098982015,77.3488425330016,Coimbatore,TN
50404,11.139706409687417,76.82668800551602,Coimbatore,TN
55617,10.888769798840908,76.88097010750998,Coimbatore,TN
32607,11.462570153746736,76.7070812203137,Coimbatore,TN
23949,10.653659162425773,77.26588780934735,Coimbatore,TN
70521,10.950984871634335,76.56636023123951,Coimbatore,TN
17785,11.28595687410913,77.25305905346572,Coimbatore,TN
77394,10.63943681768425,76.6630194518644,Coimbatore,TN
64076,11.070643350930892,76.55617719048057,Coimbatore,TN
62250,10.792969991220863,77.39900962645099,Coimbatore,TN
74092,10.678674357043246,76.97207991380262,Coimbatore,TN
11720,11.033651925085696,77.26813616714747,Coimbatore,TN
58004,10.964561208619193,76.60393214237054,Coimbatore,TN
13995,11.385232594238166,76.56398161796183,Coimbatore,TN
54920,11.221103771710414,76.91925533493485,Coimbatore,TN
35622,11.025163075870653,76.86438683327557,Coimbatore,TN
23325,10.763303003343069,76.91774616491065,Coimbatore,TN
40040,10.848939291463104,77.42457530997841,Coimbatore,TN
47712,10.87792113274611,76.98649413418984,Coimbatore,TN
46116,11.008833126206968,76.65529453175833,Coimbatore,TN
62509,10.691780626361115,77.15986474319513,Coimbatore,TN
13249,10.534229609336936,76.89089609387611,Coimbatore,TN
55735,11.04849169172201,76.98392232581054,Coimbatore,TN
56574,10.963619830133828,77.15920776018415,Coimbatore,TN
43260,11.012974141985804,76.66036189751995,Coimbatore,TN
10716,10.850562706808484,77.45555873284825,Coimbatore,TN
36262,11.123762691266684,76.61238447014232,Coimbatore,TN
67603,11.438769251738647,77.29413071170356,Coimbatore,TN
61593,10.953608853024193,76.60471355543534,Coimbatore,TN
56299,11.101947187591154,76.98041591542174,Coimbatore,TN
28117,11.21627725425474,76.9308033916457,Coimbatore,TN
14205,10.574380888121,76.72180437911588,Coimbatore,TN
64369,10.942363544781262,76.76640128632992,Coimbatore,TN
53297,11.14363764539148,76.48073338104409,Coimbatore,TN
18888,11.311903394362924,76.50637755445638,Coimbatore,TN
73655,11.183336528373946,76.58012341958529,Coimbatore,TN
43071,10.554150736704825,77.20482266752052,Coimbatore,TN
44431,11.102364600199103,76.99967798732722,Coimbatore,TN
18905,11.337347444484404,77.01872078463202,Coimbatore,TN
45331,11.090968853484295,76.77084697538383,Coimbatore,TN
18621,10.833465908578468,76.62792057145161,Coimbatore,TN
43491,11.127358402604232,76.95763603195769,Coimbatore,TN
49010,11.163384062502764,77.05373333576405,Coimbatore,TN
75130,11.446061028115272,76.85080021028016,Coimbatore,TN
79361,11.506497892165365,77.09468159560919,Coimbatore,TN
18535,10.715463782054542,77.04611715571149,Coimbatore,TN
25765,11.330465303696515,76.83802124876817,Coimbatore,TN
48353,10.61885541857248,77.36387575272026,Coimbatore,TN
23051,10.665239863445487,76.94075542471599,Coimbatore,TN
16436,11.00182139359632,77.02681790060232,Coimbatore,TN
42537,10.750098881582293,76.62999542195048,Coimbatore,TN
52247,10.953693702916915,76.66673541932826,Coimbatore,TN
77552,11.186531502167695,77.05092134111752,Coimbatore,TN
24934,11.512470569021598,76.90186797998408,Coimbatore,TN
11921,10.583795596226206,77.27834597478413,Coimbatore,TN
44617,10.681942729009874,76.88658700339884,Coimbatore,TN
28293,10.543106951152847,76.92306847477988,Coimbatore,TN
77576,10.977541794256968,77.35987646105103,Coimbatore,TN
32482,10.622491187746993,76.86654191819818,Coimbatore,TN
30756,11.17755595218955,77.11506384946279,Coimbatore,TN
44012,10.611878049969818,77.38668883833539,Coimbatore,TN
20969,10.75201073437763,77.1401461595611,Coimbatore,TN
77234,11.112273941448754,77.34075097304174,Coimbatore,TN
68796,11.417632460422858,77.35324683438508,Coimbatore,TN
20944,11.49281130190832,77.41831922862539,Coimbatore,TN
76014,11.142760674789901,77.42038219207649,Coimbatore,TN
76613,10.547335785967997,77.27614855225235,Coimbatore,TN
19254,23.190108206983044,76.285775741224,Indore,MP
44083,22.523714077501772,75.49594064404306,Indore,MP
25760,22.670891344663524,76.23787733308257,Indore,MP
56668,22.7415462924685,76.09514556998538,Indore,MP
40557,22.790687628475247,75.79805359451561,Indore,MP
76433,22.59339928259304,76.29020697114716,Indore,MP
32619,22.28131448388599,75.38339294169172,Indore,MP
16137,22.63838757979205,75.6778981445646,Indore,MP
22281,23.048410638506656,75.53752996882587,Indore,MP
34761,22.599849906803883,75.4428280339029,Indore,MP
62852,22.311103707800875,76.00565199534284,Indore,MP
21014,23.153748670418793,75.86859828380189,Indore,MP
75494,22.89394046281235,75.94812994134438,Indore,MP
31672,22.819501710975263,75.78117451716429,Indore,MP
76150,22.37003701576709,76.08390544397948,Indore,MP
61393,22.798195995480345,76.35674814116862,Indore,MP
72539,22.884183426977607,75.40772537568758,Indore,MP
15653,22.80844167935432,75.58703726544218,Indore,MP
25455,22.478251442115912,76.14817085410681,Indore,MP
65511,22.332092996116057,75.78484965376273,Indore,MP
74796,23.11918698713666,76.00002681131446,Indore,MP
33203,22.707106786615533,76.03189245759965,Indore,MP
39377,22.552906913993247,75.73508684083552,Indore,MP
24025,22.998630687593,75.81793949668581,Indore,MP
62187,22.401325250876322,75.99769862257516,Indore,MP
65264,22.921611031207846,75.64073998585854,Indore,MP
59324,22.603330676373826,75.60635492224957,Indore,MP
44711,23.155156505708426,75.78700824328676,Indore,MP
44818,22.67265976652876,75.67009367389447,Indore,MP
18488,22.663546428683514,75.51064925541306,Indore,MP
54304,22.321809675207252,75.50003969271039,Indore,MP
56605,22.79959739617146,75.60085804858147,Indore,MP
63297,22.4948172316806,75.9044119002719,Indore,MP
10044,22.722132846984724,75.93157034565324,Indore,MP
39098,22.485518221582637,75.75783054410147,Indore,MP
75773,22.447552060208324,75.3987879394437,Indore,MP
67135,22.357059389753733,75.61623158082953,Indore,MP
72852,22.370938696409727,76.34522306217622,Indore,MP
79102,22.66477431856649,75.93345024715177,Indore,MP
65694,22.241654833346896,76.19072062052048,Indore,MP
21689,22.51949968295286,75.57215179729693,Indore,MP
24804,22.806097939348664,76.11438860222563,Indore,MP
42543,22.5773471126704,76.11319105545233,Indore,MP
31396,23.218178986680122,76.23083279661961,Indore,MP
63396,22.32756046430356,75.5710437952035,Indore,MP
63429,23.11404246888477,75.69942901650205,Indore,MP
42587,22.26339086135589,75.61221252848817,Indore,MP
76983,22.313995558540583,75.69015071604667,Indore,MP
12874,23.12960975791792,75.71801618644616,Indore,MP
46492,22.970076459429325,75.85329196192505,Indore,MP
44364,22.344169331230816,75.45506144862262,Indore,MP
51665,22.8698857508627,76.23074190690255,Indore,MP
47899,22.493200094230883,76.14539796764268,Indore,MP
64577,22.6216647469545,75.4208795933101,Indore,MP
73470,23.116175703557982,76.28905799279453,Indore,MP
18563,22.99199986893376,75.48447728161361,Indore,MP
43907,22.81414719378233,75.93093457861697,Indore,MP
15482,22.766304378284826,76.31412610570455,Indore,MP
10373,23.085898753028395,75.81942506238019,Indore,MP
29065,22.316498110743602,75.43731945565678,Indore,MP
45503,22.633299474312153,76.20549090430792,Indore,MP
23708,23.006876865739184,76.1974346312288,Indore,MP
34210,23.138716723496614,75.98429009826579,Indore,MP
44737,22.76551501818735,75.97416816628551,Indore,MP
42633,22.918480746776282,75.93946958855858,Indore,MP
67717,22.531215786927266,75.86442318325312,Indore,MP
50940,22.908289141664827,76.22443224784654,Indore,MP
52903,22.559884992667676,75.61891887548936,Indore,MP
51098,23.023179290657538,75.40700052988711,Indore,MP
26268,22.833297105160113,76.08008158880999,Indore,MP
33669,22.278188078951974,76.04515262757722,Indore,MP
72620,23.21428402088669,75.60409650208496,Indore,MP
60002,23.108753820982326,75.40218843264029,Indore,MP
24862,22.289983656579857,75.43630632555545,Indore,MP
18109,22.446669227639763,75.95370653900069,Indore,MP
61758,22.426741536632544,75.67208800877744,Indore,MP
63843,23.195464229420995,76.00531849586488,Indore,MP
23108,22.73426778352312,75.61760534072856,Indore,MP
58809,22.81909384671309,75.73668292754223,Indore,MP
11006,22.26875172625164,75.95181739301728,Indore,MP
49470,23.02659356001531,75.65641337510908,Indore,MP
42796,22.39852754112898,75.65101736207387,Indore,MP
59327,23.218240011065042,76.04010841377664,Indore,MP
45910,23.005117133049886,76.09826006864878,Indore,MP
67004,22.650940005230183,75.76816030111613,Indore,MP
52844,23.00877792019102,75.61983079811505,Indore,MP
11881,23.03979137435036,76.28909290296093,Indore,MP
51254,22.64319068144246,75.72188751992306,Indore,MP
68077,22.55951673989235,76.25016360979366,Indore,MP
69063,23.002116836769815,75.6662214031339,Indore,MP
51803,23.184357838999723,75.54998751794442,Indore,MP
76377,23.02486462650754,75.38659133561515,Indore,MP
27151,22.462116635783296,76.13993055131382,Indore,MP
43828,23.018529962548886,76.23358564590558,Indore,MP
27145,23.07388822512577,75.54202535805123,Indore,MP
64884,22.556107333074497,75.64689044177376,Indore,MP
24208,22.616090384881378,75.69170208207704,Indore,MP
55485,22.448502115861714,75.41139906879332,Indore,MP
65770,22.379864140781578,75.54443805235634,Indore,MP
32925,22.37175582619691,75.53874395242988,Indore,MP
