seller_id,seller_zip_code_prefix,seller_city,seller_state
SELL300000,66122,Jaipur,RJ
SELL300001,72121,Jaipur,RJ
SELL300002,62590,Hyderabad,TS
SELL300003,51419,Delhi,DL
SELL300004,18825,Ahmedabad,GJ
SELL300005,13637,Kolkata,WB
SELL300006,20363,Mumbai,MH
SELL300007,46822,Delhi,DL
SELL300008,23096,Indore,MP
SELL300009,58825,Mumbai,MH
SELL300010,42925,Lucknow,UP
SELL300011,77773,Lucknow,UP
SELL300012,60888,Coimbatore,TN
SELL300013,10802,Bangalore,KA
SELL300014,11967,Lucknow,UP
SELL300015,72204,Mumbai,MH
SELL300016,77668,Ahmedabad,GJ
SELL300017,73071,Kolkata,WB
SELL300018,74819,Indore,MP
SELL300019,26757,Lucknow,UP
SELL300020,20372,Chennai,TN
SELL300021,56971,Delhi,DL
SELL300022,11785,Jaipur,RJ
SELL300023,68473,Hyderabad,TS
SELL300024,63549,Delhi,DL
SELL300025,31510,Hyderabad,TS
SELL300026,65704,Coimbatore,TN
SELL300027,29303,Mumbai,MH
SELL300028,24536,Indore,MP
SELL300029,17008,Delhi,DL
SELL300030,79305,Chennai,TN
SELL300031,39990,Hyderabad,TS
SELL300032,72747,Indore,MP
SELL300033,39881,Pune,MH
SELL300034,55314,Kolkata,WB
SELL300035,60576,Indore,MP
SELL300036,16303,Lucknow,UP
SELL300037,55921,Jaipur,RJ
SELL300038,32125,Coimbatore,TN
SELL300039,44698,Pune,MH
SELL300040,32915,Lucknow,UP
SELL300041,26766,Hyderabad,TS
SELL300042,40482,Mumbai,MH
SELL300043,52506,Lucknow,UP
SELL300044,57451,Hyderabad,TS
SELL300045,16179,Hyderabad,TS
SELL300046,66260,Bangalore,KA
SELL300047,50042,Hyderabad,TS
SELL300048,58159,Coimbatore,TN
SELL300049,71239,Hyderabad,TS
SELL300050,29089,Pune,MH
SELL300051,20053,Chennai,TN
SELL300052,28342,Mumbai,MH
SELL300053,30206,Chennai,TN
SELL300054,68648,Indore,MP
SELL300055,74389,Hyderabad,TS
SELL300056,21123,Coimbatore,TN
SELL300057,67460,Jaipur,RJ
SELL300058,37037,Kolkata,WB
SELL300059,48465,Chennai,TN
SELL300060,31804,Coimbatore,TN
SELL300061,32245,Jaipur,RJ
SELL300062,35117,Bangalore,KA
SELL300063,59742,Lucknow,UP
SELL300064,32245,Coimbatore,TN
SELL300065,72224,Mumbai,MH
SELL300066,11653,Pune,MH
SELL300067,17966,Coimbatore,TN
SELL300068,60728,Mumbai,MH
SELL300069,15466,Chennai,TN
SELL300070,53116,Hyderabad,TS
SELL300071,35475,Indore,MP
SELL300072,60674,Bangalore,KA
SELL300073,40086,Ahmedabad,GJ
SELL300074,75934,Pune,MH
SELL300075,44965,Delhi,DL
SELL300076,40072,Ahmedabad,GJ
SELL300077,40083,Pune,MH
SELL300078,11548,Hyderabad,TS
SELL300079,23610,Bangalore,KA
SELL300080,19060,Lucknow,UP
SELL300081,61948,Indore,MP
SELL300082,72150,Jaipur,RJ
SELL300083,47565,Lucknow,UP
SELL300084,18776,Lucknow,UP
SELL300085,55264,Kolkata,WB
SELL300086,46549,Delhi,DL
SELL300087,43343,Hyderabad,TS
SELL300088,57115,Coimbatore,TN
SELL300089,44326,Hyderabad,TS
SELL300090,17010,Kolkata,WB
SELL300091,37559,Lucknow,UP
SELL300092,57399,Lucknow,UP
SELL300093,18645,Indore,MP
SELL300094,38500,Jaipur,RJ
SELL300095,24044,Jaipur,RJ
SELL300096,52008,Bangalore,KA
SELL300097,26165,Chennai,TN
SELL300098,69833,Delhi,DL
SELL300099,77173,Lucknow,UP
SELL300100,43483,Coimbatore,TN
SELL300101,60593,Lucknow,UP
SELL300102,65782,Ahmedabad,GJ
SELL300103,79165,Ahmedabad,GJ
SELL300104,30316,Lucknow,UP
SELL300105,17985,Indore,MP
SELL300106,51222,Hyderabad,TS
SELL300107,27412,Jaipur,RJ
SELL300108,23717,Jaipur,RJ
SELL300109,68905,Hyderabad,TS
SELL300110,28026,Coimbatore,TN
SELL300111,59393,Hyderabad,TS
SELL300112,14774,Chennai,TN
SELL300113,59982,Mumbai,MH
SELL300114,43113,Indore,MP
SELL300115,45101,Delhi,DL
SELL300116,36703,Delhi,DL
SELL300117,39672,Lucknow,UP
SELL300118,68920,Ahmedabad,GJ
SELL300119,78349,Delhi,DL
SELL300120,41230,Chennai,TN
SELL300121,23527,Ahmedabad,GJ
SELL300122,24775,Delhi,DL
SELL300123,75531,Coimbatore,TN
SELL300124,61366,Bangalore,KA
SELL300125,37536,Delhi,DL
SELL300126,77774,Delhi,DL
SELL300127,16471,Lucknow,UP
SELL300128,37799,Indore,MP
SELL300129,29097,Delhi,DL
SELL300130,15869,Mumbai,MH
SELL300131,11953,Mumbai,MH
SELL300132,40149,Delhi,DL
SELL300133,10276,Delhi,DL
SELL300134,18261,Bangalore,KA
SELL300135,78422,Indore,MP
SELL300136,70464,Kolkata,WB
SELL300137,59729,Kolkata,WB
SELL300138,15938,Mumbai,MH
SELL300139,76574,Bangalore,KA
SELL300140,73025,Coimbatore,TN
SELL300141,60624,Indore,MP
SELL300142,11468,Mumbai,MH
SELL300143,20959,Lucknow,UP
SELL300144,34818,Hyderabad,TS
SELL300145,60294,Pune,MH
SELL300146,47848,Mumbai,MH
SELL300147,40832,Bangalore,KA
SELL300148,47927,Lucknow,UP
SELL300149,41977,Pune,MH
SELL300150,21147,Coimbatore,TN
SELL300151,76890,Ahmedabad,GJ
SELL300152,73253,Bangalore,KA
SELL300153,65199,Hyderabad,TS
SELL300154,28121,Lucknow,UP
SELL300155,51269,Chennai,TN
SELL300156,63564,Hyderabad,TS
SELL300157,51470,Ahmedabad,GJ
SELL300158,22800,Coimbatore,TN
SELL300159,10478,Bangalore,KA
SELL300160,12215,Chennai,TN
SELL300161,62989,Jaipur,RJ
SELL300162,10459,Delhi,DL
SELL300163,46562,Pune,MH
SELL300164,59701,Pune,MH
SELL300165,19769,Jaipur,RJ
SELL300166,12561,Pune,MH
SELL300167,16039,Indore,MP
SELL300168,66734,Kolkata,WB
SELL300169,61109,Coimbatore,TN
SELL300170,45215,Kolkata,WB
SELL300171,19676,Mumbai,MH
SELL300172,61509,Bangalore,KA
SELL300173,49202,Pune,MH
SELL300174,21835,Mumbai,MH
SELL300175,39464,Indore,MP
SELL300176,10207,Hyderabad,TS
SELL300177,52458,Jaipur,RJ
SELL300178,62274,Mumbai,MH
SELL300179,45240,Ahmedabad,GJ
SELL300180,71529,Ahmedabad,GJ
SELL300181,78523,Bangalore,KA
SELL300182,11971,Ahmedabad,GJ
SELL300183,35512,Pune,MH
SELL300184,65009,Kolkata,WB
SELL300185,36516,Lucknow,UP
SELL300186,28458,Hyderabad,TS
SELL300187,63117,Kolkata,WB
SELL300188,60910,Delhi,DL
SELL300189,70176,Ahmedabad,GJ
SELL300190,79200,Bangalore,KA
SELL300191,66813,Chennai,TN
SELL300192,78162,Lucknow,UP
SELL300193,25507,Coimbatore,TN
SELL300194,79355,Jaipur,RJ
SELL300195,73608,Coimbatore,TN
SELL300196,19522,Ahmedabad,GJ
SELL300197,14015,Pune,MH
SELL300198,66197,Pune,MH
SELL300199,57581,Delhi,DL
SELL300200,20162,Jaipur,RJ
SELL300201,69568,Ahmedabad,GJ
SELL300202,13063,Kolkata,WB
SELL300203,41030,Indore,MP
SELL300204,12919,Delhi,DL
SELL300205,27393,Mumbai,MH
SELL300206,56990,Kolkata,WB
SELL300207,78416,Jaipur,RJ
SELL300208,34480,Ahmedabad,GJ
SELL300209,11925,Kolkata,WB
SELL300210,20310,Hyderabad,TS
SELL300211,10766,Lucknow,UP
SELL300212,58305,Ahmedabad,GJ
SELL300213,19547,Delhi,DL
SELL300214,57344,Jaipur,RJ
SELL300215,76911,Pune,MH
SELL300216,25437,Pune,MH
SELL300217,73787,Jaipur,RJ
SELL300218,48114,Jaipur,RJ
SELL300219,21824,Indore,MP
SELL300220,28083,Coimbatore,TN
SELL300221,48901,Jaipur,RJ
SELL300222,34232,Kolkata,WB
SELL300223,22657,Mumbai,MH
SELL300224,28960,Lucknow,UP
SELL300225,22045,Hyderabad,TS
SELL300226,62797,Ahmedabad,GJ
SELL300227,67113,Delhi,DL
SELL300228,33203,Hyderabad,TS
SELL300229,28469,Delhi,DL
SELL300230,72590,Ahmedabad,GJ
SELL300231,77138,Pune,MH
SELL300232,19758,Ahmedabad,GJ
SELL300233,16998,Jaipur,RJ
SELL300234,44646,Indore,MP
SELL300235,58030,Indore,MP
SELL300236,27287,Hyderabad,TS
SELL300237,55431,Mumbai,MH
SELL300238,48489,Coimbatore,TN
SELL300239,73714,Pune,MH
SELL300240,51806,Bangalore,KA
SELL300241,76295,Kolkata,WB
SELL300242,10378,Delhi,DL
SELL300243,28551,Ahmedabad,GJ
SELL300244,58125,Delhi,DL
SELL300245,10007,Jaipur,RJ
SELL300246,12367,Indore,MP
SELL300247,16524,Indore,MP
SELL300248,62336,Mumbai,MH
SELL300249,54849,Chennai,TN
SELL300250,46059,Kolkata,WB
SELL300251,70208,Bangalore,KA
SELL300252,37691,Delhi,DL
SELL300253,46496,Delhi,DL
SELL300254,33281,Jaipur,RJ
SELL300255,31358,Lucknow,UP
SELL300256,53004,Lucknow,UP
SELL300257,46699,Indore,MP
SELL300258,17656,Bangalore,KA
SELL300259,73632,Mumbai,MH
SELL300260,77726,Lucknow,UP
SELL300261,31091,Delhi,DL
SELL300262,44316,Indore,MP
SELL300263,69326,Indore,MP
SELL300264,21808,Chennai,TN
SELL300265,65008,Delhi,DL
SELL300266,61050,Mumbai,MH
SELL300267,58908,Lucknow,UP
SELL300268,73107,Bangalore,KA
SELL300269,17722,Mumbai,MH
SELL300270,17733,Pune,MH
SELL300271,25226,Mumbai,MH
SELL300272,58732,Ahmedabad,GJ
SELL300273,33330,Bangalore,KA
SELL300274,24314,Jaipur,RJ
SELL300275,21294,Coimbatore,TN
SELL300276,34370,Pune,MH
SELL300277,20599,Kolkata,WB
SELL300278,15717,Indore,MP
SELL300279,57543,Indore,MP
SELL300280,67748,Chennai,TN
SELL300281,27847,Bangalore,KA
SELL300282,15747,Chennai,TN
SELL300283,70604,Bangalore,KA
SELL300284,66385,Mumbai,MH
SELL300285,51144,Ahmedabad,GJ
SELL300286,11927,Coimbatore,TN
SELL300287,73421,Bangalore,KA
SELL300288,21353,Hyderabad,TS
SELL300289,50928,Lucknow,UP
SELL300290,52890,Lucknow,UP
SELL300291,48408,Indore,MP
SELL300292,28461,Chennai,TN
SELL300293,78406,Ahmedabad,GJ
SELL300294,64159,Jaipur,RJ
SELL300295,37962,Ahmedabad,GJ
SELL300296,55169,Kolkata,WB
SELL300297,43697,Delhi,DL
SELL300298,71894,Hyderabad,TS
SELL300299,64187,Mumbai,MH
SELL300300,21546,Indore,MP
SELL300301,77458,Ahmedabad,GJ
SELL300302,72145,Delhi,DL
SELL300303,50744,Chennai,TN
SELL300304,20832,Lucknow,UP
SELL300305,19269,Chennai,TN
SELL300306,43792,Bangalore,KA
SELL300307,15951,Pune,MH
SELL300308,56110,Delhi,DL
SELL300309,62858,Lucknow,UP
SELL300310,34009,Chennai,TN
SELL300311,71377,Mumbai,MH
SELL300312,37962,Hyderabad,TS
SELL300313,57178,Indore,MP
SELL300314,43558,Jaipur,RJ
SELL300315,41713,Lucknow,UP
SELL300316,29842,Pune,MH
SELL300317,79460,Kolkata,WB
SELL300318,63166,Bangalore,KA
SELL300319,67071,Hyderabad,TS
SELL300320,66264,Bangalore,KA
SELL300321,35396,Jaipur,RJ
SELL300322,38708,Ahmedabad,GJ
SELL300323,42947,Indore,MP
SELL300324,75979,Hyderabad,TS
SELL300325,49798,Chennai,TN
SELL300326,51670,Delhi,DL
SELL300327,60151,Chennai,TN
SELL300328,49048,Coimbatore,TN
SELL300329,28074,Kolkata,WB
SELL300330,16217,Lucknow,UP
SELL300331,53777,Pune,MH
SELL300332,68394,Bangalore,KA
SELL300333,46267,Jaipur,RJ
SELL300334,16569,Indore,MP
SELL300335,57199,Kolkata,WB
SELL300336,53982,Jaipur,RJ
SELL300337,20493,Pune,MH
SELL300338,62044,Pune,MH
SELL300339,36999,Delhi,DL
SELL300340,33956,Ahmedabad,GJ
SELL300341,11275,Indore,MP
SELL300342,14458,Ahmedabad,GJ
SELL300343,53687,Lucknow,UP
SELL300344,24043,Pune,MH
SELL300345,74668,Bangalore,KA
SELL300346,50563,Coimbatore,TN
SELL300347,13611,Indore,MP
SELL300348,23332,Coimbatore,TN
SELL300349,23071,Chennai,TN
SELL300350,23122,Mumbai,MH
SELL300351,76520,Jaipur,RJ
SELL300352,22419,Kolkata,WB
SELL300353,12503,Ahmedabad,GJ
SELL300354,53061,Delhi,DL
SELL300355,68351,Hyderabad,TS
SELL300356,60995,Coimbatore,TN
SELL300357,33219,Bangalore,KA
SELL300358,13118,Delhi,DL
SELL300359,58621,Kolkata,WB
SELL300360,51304,Chennai,TN
SELL300361,20899,Hyderabad,TS
SELL300362,33216,Coimbatore,TN
SELL300363,20838,Bangalore,KA
SELL300364,27725,Coimbatore,TN
SELL300365,67375,Delhi,DL
SELL300366,56837,Pune,MH
SELL300367,11386,Bangalore,KA
SELL300368,64746,Delhi,DL
SELL300369,16655,Indore,MP
SELL300370,51878,Mumbai,MH
SELL300371,54205,Mumbai,MH
SELL300372,33998,Chennai,TN
SELL300373,44030,Pune,MH
SELL300374,54536,Jaipur,RJ
SELL300375,67417,Bangalore,KA
SELL300376,15744,Hyderabad,TS
SELL300377,23093,Jaipur,RJ
SELL300378,35069,Jaipur,RJ
SELL300379,70777,Delhi,DL
SELL300380,16490,Ahmedabad,GJ
SELL300381,57992,Pune,MH
SELL300382,13676,Coimbatore,TN
SELL300383,18619,Chennai,TN
SELL300384,11274,Bangalore,KA
SELL300385,47728,Kolkata,WB
SELL300386,38341,Coimbatore,TN
SELL300387,11599,Hyderabad,TS
SELL300388,25534,Chennai,TN
SELL300389,46363,Bangalore,KA
SELL300390,26522,Pune,MH
SELL300391,38116,Bangalore,KA
SELL300392,15977,Kolkata,WB
SELL300393,47252,Lucknow,UP
SELL300394,19438,Mumbai,MH
SELL300395,49307,Lucknow,UP
SELL300396,22293,Coimbatore,TN
SELL300397,54146,Chennai,TN
SELL300398,32840,Ahmedabad,GJ
SELL300399,57077,Lucknow,UP
SELL300400,41933,Pune,MH
SELL300401,54625,Pune,MH
SELL300402,15990,Delhi,DL
SELL300403,60845,Pune,MH
SELL300404,14359,Mumbai,MH
SELL300405,63419,Bangalore,KA
SELL300406,11710,Jaipur,RJ
SELL300407,12519,Coimbatore,TN
SELL300408,66160,Kolkata,WB
SELL300409,17705,Lucknow,UP
SELL300410,60706,Mumbai,MH
SELL300411,67571,Indore,MP
SELL300412,44441,Jaipur,RJ
SELL300413,41671,Bangalore,KA
SELL300414,75661,Jaipur,RJ
SELL300415,26424,Hyderabad,TS
SELL300416,38548,Indore,MP
SELL300417,35407,Coimbatore,TN
SELL300418,47876,Ahmedabad,GJ
SELL300419,59147,Hyderabad,TS
SELL300420,12688,Chennai,TN
SELL300421,61462,Bangalore,KA
SELL300422,70093,Jaipur,RJ
SELL300423,30601,Kolkata,WB
SELL300424,53003,Pune,MH
SELL300425,38569,Bangalore,KA
SELL300426,55605,Delhi,DL
SELL300427,19552,Bangalore,KA
SELL300428,37854,Jaipur,RJ
SELL300429,51039,Kolkata,WB
SELL300430,27040,Hyderabad,TS
SELL300431,34070,Kolkata,WB
SELL300432,23863,Hyderabad,TS
SELL300433,43393,Jaipur,RJ
SELL300434,18014,Delhi,DL
SELL300435,34480,Coimbatore,TN
SELL300436,29588,Coimbatore,TN
SELL300437,39009,Chennai,TN
SELL300438,53388,Hyderabad,TS
SELL300439,19141,Mumbai,MH
SELL300440,14187,Bangalore,KA
SELL300441,15221,Ahmedabad,GJ
SELL300442,65280,Coimbatore,TN
SELL300443,16081,Coimbatore,TN
SELL300444,42018,Pune,MH
SELL300445,64264,Bangalore,KA
SELL300446,43197,Lucknow,UP
SELL300447,11827,Chennai,TN
SELL300448,25289,Delhi,DL
SELL300449,60335,Mumbai,MH
SELL300450,68205,Kolkata,WB
SELL300451,27836,Chennai,TN
SELL300452,10851,Ahmedabad,GJ
SELL300453,53845,Hyderabad,TS
SELL300454,53788,Jaipur,RJ
SELL300455,69132,Ahmedabad,GJ
SELL300456,34388,Pune,MH
SELL300457,32412,Mumbai,MH
SELL300458,65508,Ahmedabad,GJ
SELL300459,31952,Hyderabad,TS
SELL300460,16085,Kolkata,WB
SELL300461,41492,Chennai,TN
SELL300462,33485,Kolkata,WB
SELL300463,28542,Bangalore,KA
SELL300464,58502,Jaipur,RJ
SELL300465,78244,Pune,MH
SELL300466,20189,Delhi,DL
SELL300467,70547,Hyderabad,TS
SELL300468,13232,Jaipur,RJ
SELL300469,26525,Indore,MP
SELL300470,68316,Bangalore,KA
SELL300471,21905,Mumbai,MH
SELL300472,31247,Pune,MH
SELL300473,10802,Chennai,TN
SELL300474,34778,Delhi,DL
SELL300475,32052,Kolkata,WB
SELL300476,32402,Mumbai,MH
SELL300477,56212,Mumbai,MH
SELL300478,26317,Lucknow,UP
SELL300479,74072,Lucknow,UP
SELL300480,10560,Indore,MP
SELL300481,57977,Coimbatore,TN
SELL300482,22381,Ahmedabad,GJ
SELL300483,23948,Kolkata,WB
SELL300484,75946,Mumbai,MH
SELL300485,37713,Kolkata,WB
SELL300486,58683,Lucknow,UP
SELL300487,20689,Pune,MH
SELL300488,51018,Indore,MP
SELL300489,70784,Ahmedabad,GJ
SELL300490,71662,Indore,MP
SELL300491,22346,Delhi,DL
SELL300492,77733,Kolkata,WB
SELL300493,16598,Bangalore,KA
SELL300494,40976,Pune,MH
SELL300495,38304,Jaipur,RJ
SELL300496,59209,Mumbai,MH
SELL300497,30260,Ahmedabad,GJ
SELL300498,72861,Lucknow,UP
SELL300499,76724,Delhi,DL
SELL300500,53476,Hyderabad,TS
SELL300501,17001,Hyderabad,TS
SELL300502,22579,Coimbatore,TN
SELL300503,28101,Lucknow,UP
SELL300504,72491,Delhi,DL
SELL300505,10159,Delhi,DL
SELL300506,33282,Bangalore,KA
SELL300507,38016,Lucknow,UP
SELL300508,48606,Ahmedabad,GJ
SELL300509,26706,Lucknow,UP
SELL300510,39968,Coimbatore,TN
SELL300511,30380,Delhi,DL
SELL300512,43025,Bangalore,KA
SELL300513,46362,Mumbai,MH
SELL300514,73868,Hyderabad,TS
SELL300515,37711,Hyderabad,TS
SELL300516,27259,Indore,MP
SELL300517,78799,Indore,MP
SELL300518,24379,Indore,MP
SELL300519,65241,Mumbai,MH
SELL300520,35727,Pune,MH
SELL300521,11337,Indore,MP
SELL300522,26584,Coimbatore,TN
SELL300523,11709,Indore,MP
SELL300524,14733,Delhi,DL
SELL300525,37244,Coimbatore,TN
SELL300526,46306,Bangalore,KA
SELL300527,29564,Indore,MP
SELL300528,27196,Chennai,TN
SELL300529,67528,Delhi,DL
SELL300530,57077,Jaipur,RJ
SELL300531,23531,Delhi,DL
SELL300532,58880,Chennai,TN
SELL300533,35423,Indore,MP
SELL300534,27123,Bangalore,KA
SELL300535,22260,Lucknow,UP
SELL300536,53970,Kolkata,WB
SELL300537,63367,Bangalore,KA
SELL300538,61887,Hyderabad,TS
SELL300539,10378,Chennai,TN
SELL300540,17528,Coimbatore,TN
SELL300541,40252,Pune,MH
SELL300542,69889,Jaipur,RJ
SELL300543,56643,Jaipur,RJ
SELL300544,22576,Kolkata,WB
SELL300545,39392,Ahmedabad,GJ
SELL300546,19311,Delhi,DL
SELL300547,13003,Coimbatore,TN
SELL300548,31220,Coimbatore,TN
SELL300549,21751,Ahmedabad,GJ
SELL300550,19702,Kolkata,WB
SELL300551,49129,Jaipur,RJ
SELL300552,15357,Kolkata,WB
SELL300553,79584,Delhi,DL
SELL300554,25641,Chennai,TN
SELL300555,44559,Bangalore,KA
SELL300556,46163,Chennai,TN
SELL300557,60737,Mumbai,MH
SELL300558,31260,Kolkata,WB
SELL300559,20637,Delhi,DL
SELL300560,25534,Chennai,TN
SELL300561,73812,Kolkata,WB
SELL300562,75678,Bangalore,KA
SELL300563,58089,Bangalore,KA
SELL300564,58309,Kolkata,WB
SELL300565,61544,Kolkata,WB
SELL300566,15318,Jaipur,RJ
SELL300567,40653,Kolkata,WB
SELL300568,61642,Indore,MP
SELL300569,21024,Delhi,DL
SELL300570,77127,Ahmedabad,GJ
SELL300571,57454,Kolkata,WB
SELL300572,17922,Pune,MH
SELL300573,47609,Hyderabad,TS
SELL300574,49387,Hyderabad,TS
SELL300575,14741,Coimbatore,TN
SELL300576,66555,Jaipur,RJ
SELL300577,35735,Kolkata,WB
SELL300578,50130,Coimbatore,TN
SELL300579,34715,Ahmedabad,GJ
SELL300580,39454,Indore,MP
SELL300581,64635,Ahmedabad,GJ
SELL300582,11118,Pune,MH
SELL300583,59404,Hyderabad,TS
SELL300584,69456,Delhi,DL
SELL300585,26970,Chennai,TN
SELL300586,60507,Delhi,DL
SELL300587,66864,Delhi,DL
SELL300588,21594,Mumbai,MH
SELL300589,29248,Hyderabad,TS
SELL300590,38369,Hyderabad,TS
SELL300591,28015,Kolkata,WB
SELL300592,55026,Indore,MP
SELL300593,52016,Coimbatore,TN
SELL300594,29831,Hyderabad,TS
SELL300595,77461,Mumbai,MH
SELL300596,15149,Lucknow,UP
SELL300597,74617,Lucknow,UP
SELL300598,22856,Ahmedabad,GJ
SELL300599,63420,Indore,MP
SELL300600,41470,Delhi,DL
SELL300601,50781,Indore,MP
SELL300602,21093,Indore,MP
SELL300603,59842,Coimbatore,TN
SELL300604,38914,Hyderabad,TS
SELL300605,54411,Chennai,TN
SELL300606,27560,Chennai,TN
SELL300607,46927,Indore,MP
SELL300608,34465,Jaipur,RJ
SELL300609,17550,Pune,MH
SELL300610,79681,Pune,MH
SELL300611,39479,Chennai,TN
SELL300612,44175,Chennai,TN
SELL300613,14552,Chennai,TN
SELL300614,41573,Indore,MP
SELL300615,20313,Mumbai,MH
SELL300616,57951,Indore,MP
SELL300617,79337,Coimbatore,TN
SELL300618,63171,Jaipur,RJ
SELL300619,59002,Bangalore,KA
SELL300620,45006,Indore,MP
SELL300621,71198,Pune,MH
SELL300622,61171,Indore,MP
SELL300623,45201,Indore,MP
SELL300624,53361,Jaipur,RJ
SELL300625,62609,Jaipur,RJ
SELL300626,45160,Ahmedabad,GJ
SELL300627,53975,Indore,MP
SELL300628,57250,Chennai,TN
SELL300629,67224,Chennai,TN
SELL300630,71890,Pune,MH
SELL300631,61514,Hyderabad,TS
SELL300632,75901,Kolkata,WB
SELL300633,18333,Kolkata,WB
SELL300634,37344,Kolkata,WB
SELL300635,26577,Hyderabad,TS
SELL300636,33210,Mumbai,MH
SELL300637,47427,Pune,MH
SELL300638,12900,Pune,MH
SELL300639,11038,Lucknow,UP
SELL300640,53521,Ahmedabad,GJ
SELL300641,50153,Ahmedabad,GJ
SELL300642,21473,Lucknow,UP
SELL300643,34296,Pune,MH
SELL300644,28690,Kolkata,WB
SELL300645,58655,Pune,MH
SELL300646,59976,Ahmedabad,GJ
SELL300647,49595,Kolkata,WB
SELL300648,33818,Jaipur,RJ
SELL300649,41395,Mumbai,MH
SELL300650,69401,Bangalore,KA
SELL300651,27918,Hyderabad,TS
SELL300652,58226,Chennai,TN
SELL300653,25553,Indore,MP
SELL300654,33801,Hyderabad,TS
SELL300655,26061,Kolkata,WB
SELL300656,16899,Hyderabad,TS
SELL300657,44704,Coimbatore,TN
SELL300658,35613,Coimbatore,TN
SELL300659,30632,Chennai,TN
SELL300660,25249,Kolkata,WB
SELL300661,51515,Hyderabad,TS
SELL300662,37982,Hyderabad,TS
SELL300663,17318,Indore,MP
SELL300664,64086,Jaipur,RJ
SELL300665,70017,Chennai,TN
SELL300666,23664,Chennai,TN
SELL300667,12368,Coimbatore,TN
SELL300668,25988,Bangalore,KA
SELL300669,79576,Jaipur,RJ
SELL300670,31890,Pune,MH
SELL300671,25761,Delhi,DL
SELL300672,58281,Mumbai,MH
SELL300673,68541,Indore,MP
SELL300674,46811,Mumbai,MH
SELL300675,30502,Pune,MH
SELL300676,57546,Chennai,TN
SELL300677,46616,Coimbatore,TN
SELL300678,33097,Indore,MP
SELL300679,76255,Kolkata,WB
SELL300680,44047,Jaipur,RJ
SELL300681,75281,Hyderabad,TS
SELL300682,24736,Bangalore,KA
SELL300683,35427,Jaipur,RJ
SELL300684,31443,Coimbatore,TN
SELL300685,13318,Coimbatore,TN
SELL300686,79341,Indore,MP
SELL300687,54752,Kolkata,WB
SELL300688,29344,Indore,MP
SELL300689,68288,Chennai,TN
SELL300690,69371,Jaipur,RJ
SELL300691,66357,Delhi,DL
SELL300692,52456,Kolkata,WB
SELL300693,34680,Kolkata,WB
SELL300694,71345,Chennai,TN
SELL300695,24611,Bangalore,KA
SELL300696,18119,Hyderabad,TS
SELL300697,16113,Coimbatore,TN
SELL300698,56807,Coimbatore,TN
SELL300699,67583,Delhi,DL
SELL300700,18242,Lucknow,UP
SELL300701,58167,Bangalore,KA
SELL300702,78045,Pune,MH
SELL300703,15980,Coimbatore,TN
SELL300704,13318,Bangalore,KA
SELL300705,73418,Delhi,DL
SELL300706,33354,Coimbatore,TN
SELL300707,26780,Indore,MP
SELL300708,50525,Mumbai,MH
SELL300709,51915,Delhi,DL
SELL300710,35541,Jaipur,RJ
SELL300711,65760,Mumbai,MH
SELL300712,49468,Bangalore,KA
SELL300713,26176,Chennai,TN
SELL300714,62166,Chennai,TN
SELL300715,21382,Lucknow,UP
SELL300716,31558,Jaipur,RJ
SELL300717,36012,Bangalore,KA
SELL300718,35967,Mumbai,MH
SELL300719,55332,Kolkata,WB
SELL300720,30207,Pune,MH
SELL300721,61218,Lucknow,UP
SELL300722,13511,Delhi,DL
SELL300723,34443,Ahmedabad,GJ
SELL300724,73522,Ahmedabad,GJ
SELL300725,55084,Chennai,TN
SELL300726,58959,Delhi,DL
SELL300727,56169,Ahmedabad,GJ
SELL300728,37945,Coimbatore,TN
SELL300729,29445,Chennai,TN
SELL300730,29762,Delhi,DL
SELL300731,68024,Coimbatore,TN
SELL300732,34917,Chennai,TN
SELL300733,32846,Lucknow,UP
SELL300734,47660,Bangalore,KA
SELL300735,72086,Pune,MH
SELL300736,39105,Indore,MP
SELL300737,39556,Pune,MH
SELL300738,39705,Delhi,DL
SELL300739,65944,Kolkata,WB
SELL300740,76489,Mumbai,MH
SELL300741,14555,Pune,MH
SELL300742,62048,Jaipur,RJ
SELL300743,16416,Mumbai,MH
SELL300744,70177,Lucknow,UP
SELL300745,77036,Bangalore,KA
SELL300746,60998,Delhi,DL
SELL300747,75252,Ahmedabad,GJ
SELL300748,76278,Mumbai,MH
SELL300749,36201,Delhi,DL
SELL300750,15056,Kolkata,WB
SELL300751,11855,Mumbai,MH
SELL300752,26342,Jaipur,RJ
SELL300753,61960,Delhi,DL
SELL300754,56428,Mumbai,MH
SELL300755,39132,Coimbatore,TN
SELL300756,33971,Lucknow,UP
SELL300757,21749,Indore,MP
SELL300758,66982,Jaipur,RJ
SELL300759,44359,Indore,MP
SELL300760,43852,Lucknow,UP
SELL300761,72714,Kolkata,WB
SELL300762,52508,Chennai,TN
SELL300763,44426,Jaipur,RJ
SELL300764,29024,Delhi,DL
SELL300765,38402,Chennai,TN
SELL300766,30023,Indore,MP
SELL300767,31153,Delhi,DL
SELL300768,76631,Indore,MP
SELL300769,23910,Bangalore,KA
SELL300770,48277,Ahmedabad,GJ
SELL300771,30180,Hyderabad,TS
SELL300772,30222,Pune,MH
SELL300773,34134,Indore,MP
SELL300774,56365,Delhi,DL
SELL300775,17492,Kolkata,WB
SELL300776,33991,Kolkata,WB
SELL300777,54241,Ahmedabad,GJ
SELL300778,58705,Chennai,TN
SELL300779,16463,Coimbatore,TN
SELL300780,41751,Kolkata,WB
SELL300781,72755,Coimbatore,TN
SELL300782,18738,Chennai,TN
SELL300783,25039,Coimbatore,TN
SELL300784,17264,Lucknow,UP
SELL300785,62011,Hyderabad,TS
SELL300786,74458,Coimbatore,TN
SELL300787,23702,Hyderabad,TS
SELL300788,10827,Chennai,TN
SELL300789,51321,Jaipur,RJ
SELL300790,49962,Chennai,TN
SELL300791,52461,Mumbai,MH
SELL300792,11776,Delhi,DL
SELL300793,19402,Coimbatore,TN
SELL300794,60510,Chennai,TN
SELL300795,62598,Delhi,DL
SELL300796,17514,Coimbatore,TN
SELL300797,47594,Lucknow,UP
SELL300798,62336,Coimbatore,TN
SELL300799,72066,Chennai,TN
SELL300800,57890,Coimbatore,TN
SELL300801,18291,Kolkata,WB
SELL300802,46287,Pune,MH
SELL300803,15902,Jaipur,RJ
SELL300804,51736,Pune,MH
SELL300805,19531,Hyderabad,TS
SELL300806,18820,Delhi,DL
SELL300807,21334,Pune,MH
SELL300808,45083,Kolkata,WB
SELL300809,20157,Mumbai,MH
SELL300810,54855,Ahmedabad,GJ
SELL300811,66133,Pune,MH
SELL300812,12216,Hyderabad,TS
SELL300813,21970,Ahmedabad,GJ
SELL300814,59279,Ahmedabad,GJ
SELL300815,37724,Ahmedabad,GJ
SELL300816,52079,Ahmedabad,GJ
SELL300817,75097,Jaipur,RJ
SELL300818,34230,Pune,MH
SELL300819,72542,Bangalore,KA
SELL300820,27968,Bangalore,KA
SELL300821,43242,Bangalore,KA
SELL300822,66963,Delhi,DL
SELL300823,11954,Delhi,DL
SELL300824,75028,Mumbai,MH
SELL300825,27819,Mumbai,MH
SELL300826,21770,Indore,MP
SELL300827,50302,Delhi,DL
SELL300828,36448,Mumbai,MH
SELL300829,41935,Ahmedabad,GJ
SELL300830,66360,Indore,MP
SELL300831,62891,Ahmedabad,GJ
SELL300832,79727,Jaipur,RJ
SELL300833,69494,Ahmedabad,GJ
SELL300834,14762,Kolkata,WB
SELL300835,78579,Ahmedabad,GJ
SELL300836,38261,Jaipur,RJ
SELL300837,31623,Mumbai,MH
SELL300838,74297,Kolkata,WB
SELL300839,40320,Jaipur,RJ
SELL300840,34297,Mumbai,MH
SELL300841,67389,Delhi,DL
SELL300842,61039,Coimbatore,TN
SELL300843,13711,Coimbatore,TN
SELL300844,54448,Jaipur,RJ
SELL300845,79522,Indore,MP
SELL300846,72279,Lucknow,UP
SELL300847,65096,Coimbatore,TN
SELL300848,41094,Pune,MH
SELL300849,37263,Coimbatore,TN
SELL300850,50470,Coimbatore,TN
SELL300851,25111,Chennai,TN
SELL300852,22018,Ahmedabad,GJ
SELL300853,60099,Coimbatore,TN
SELL300854,50470,Pune,MH
SELL300855,14047,Chennai,TN
SELL300856,53892,Lucknow,UP
SELL300857,40562,Delhi,DL
SELL300858,28970,Mumbai,MH
SELL300859,30780,Bangalore,KA
SELL300860,19077,Mumbai,MH
SELL300861,13082,Pune,MH
SELL300862,73738,Pune,MH
SELL300863,45689,Kolkata,WB
SELL300864,69781,Hyderabad,TS
SELL300865,72906,Hyderabad,TS
SELL300866,16545,Bangalore,KA
SELL300867,28386,Bangalore,KA
SELL300868,70852,Kolkata,WB
SELL300869,50130,Kolkata,WB
SELL300870,67050,Hyderabad,TS
SELL300871,62548,Jaipur,RJ
SELL300872,68697,Hyderabad,TS
SELL300873,69000,Ahmedabad,GJ
SELL300874,21668,Hyderabad,TS
SELL300875,36385,Kolkata,WB
SELL300876,55555,Kolkata,WB
SELL300877,14426,Kolkata,WB
SELL300878,53335,Hyderabad,TS
SELL300879,13021,Bangalore,KA
SELL300880,42016,Kolkata,WB
SELL300881,51252,Pune,MH
SELL300882,38913,Indore,MP
SELL300883,36106,Jaipur,RJ
SELL300884,60609,Bangalore,KA
SELL300885,65918,Hyderabad,TS
SELL300886,34441,Ahmedabad,GJ
SELL300887,67852,Jaipur,RJ
SELL300888,24406,Mumbai,MH
SELL300889,56936,Coimbatore,TN
SELL300890,59827,Delhi,DL
SELL300891,52086,Chennai,TN
SELL300892,16494,Chennai,TN
SELL300893,58622,Indore,MP
SELL300894,71073,Ahmedabad,GJ
SELL300895,11042,Indore,MP
SELL300896,58235,Delhi,DL
SELL300897,24433,Pune,MH
SELL300898,79339,Delhi,DL
SELL300899,70643,Delhi,DL
SELL300900,37049,Kolkata,WB
SELL300901,49283,Kolkata,WB
SELL300902,20271,Chennai,TN
SELL300903,48008,Pune,MH
SELL300904,53961,Lucknow,UP
SELL300905,61573,Ahmedabad,GJ
SELL300906,46922,Pune,MH
SELL300907,66967,Kolkata,WB
SELL300908,49129,Chennai,TN
SELL300909,44304,Pune,MH
SELL300910,39020,Hyderabad,TS
SELL300911,43737,Hyderabad,TS
SELL300912,50023,Mumbai,MH
SELL300913,25900,Ahmedabad,GJ
SELL300914,42058,Kolkata,WB
SELL300915,41779,Ahmedabad,GJ
SELL300916,43879,Indore,MP
SELL300917,69099,Hyderabad,TS
SELL300918,39676,Hyderabad,TS
SELL300919,45342,Ahmedabad,GJ
SELL300920,44576,Kolkata,WB
SELL300921,78920,Bangalore,KA
SELL300922,32457,Coimbatore,TN
SELL300923,39429,Delhi,DL
SELL300924,53016,Bangalore,KA
SELL300925,65067,Lucknow,UP
SELL300926,72525,Delhi,DL
SELL300927,38642,Indore,MP
SELL300928,79884,Ahmedabad,GJ
SELL300929,78470,Coimbatore,TN
SELL300930,45338,Ahmedabad,GJ
SELL300931,42660,Mumbai,MH
SELL300932,23580,Delhi,DL
SELL300933,68398,Bangalore,KA
SELL300934,18022,Delhi,DL
SELL300935,32719,Indore,MP
SELL300936,72749,Mumbai,MH
SELL300937,72774,Bangalore,KA
SELL300938,49499,Pune,MH
SELL300939,55579,Lucknow,UP
SELL300940,47626,Chennai,TN
SELL300941,64106,Coimbatore,TN
SELL300942,54129,Pune,MH
SELL300943,27289,Jaipur,RJ
SELL300944,14887,Delhi,DL
SELL300945,11331,Chennai,TN
SELL300946,49553,Bangalore,KA
SELL300947,66732,Hyderabad,TS
SELL300948,60004,Hyderabad,TS
SELL300949,29448,Mumbai,MH
SELL300950,39287,Indore,MP
SELL300951,17157,Ahmedabad,GJ
SELL300952,28538,Bangalore,KA
SELL300953,56631,Indore,MP
SELL300954,27873,Mumbai,MH
SELL300955,36743,Mumbai,MH
SELL300956,70485,Indore,MP
SELL300957,61574,Pune,MH
SELL300958,79306,Pune,MH
SELL300959,61328,Indore,MP
SELL300960,53354,Chennai,TN
SELL300961,54221,Ahmedabad,GJ
SELL300962,71781,Coimbatore,TN
SELL300963,66392,Bangalore,KA
SELL300964,38626,Mumbai,MH
SELL300965,44221,Mumbai,MH
SELL300966,57250,Indore,MP
SELL300967,49104,Lucknow,UP
SELL300968,43996,Chennai,TN
SELL300969,52894,Indore,MP
SELL300970,60841,Kolkata,WB
SELL300971,21094,Chennai,TN
SELL300972,39205,Mumbai,MH
SELL300973,58625,Lucknow,UP
SELL300974,36830,Bangalore,KA
SELL300975,34060,Hyderabad,TS
SELL300976,63398,Chennai,TN
SELL300977,27790,Delhi,DL
SELL300978,42592,Bangalore,KA
SELL300979,50635,Chennai,TN
SELL300980,48371,Jaipur,RJ
SELL300981,44750,Delhi,DL
SELL300982,37251,Kolkata,WB
SELL300983,24127,Coimbatore,TN
SELL300984,49486,Bangalore,KA
SELL300985,69082,Chennai,TN
SELL300986,64484,Indore,MP
SELL300987,61936,Lucknow,UP
SELL300988,13672,Lucknow,UP
SELL300989,51129,Bangalore,KA
SELL300990,28463,Indore,MP
SELL300991,46776,Ahmedabad,GJ
SELL300992,16569,Kolkata,WB
SELL300993,21753,Delhi,DL
SELL300994,73870,Coimbatore,TN
SELL300995,47492,Jaipur,RJ
SELL300996,71055,Mumbai,MH
SELL300997,34683,Hyderabad,TS
SELL300998,49596,Bangalore,KA
SELL300999,51751,Chennai,TN
